track_key	variant_id	scored_interval	gene_id	gene_name	gene_type	gene_strand	output_type	variant_scorer	track_name	track_strand	Assay title	ontology_curie	biosample_name	biosample_type	biosample_life_stage	gtex_tissue	data_source	endedness	genetically_modified	quantile_score	variant_group_id	variant_class	representation	sub_index	chrom	pos1	ref	alt	display_group	track_scope	raw_score	null_median	effect	n_raw_effect_rows	n_duplicate_effect_rows	legacy_display_group	legacy_track_scope	run_id	data_version	analysis_group_id	group_stage	included_in_brain9
CL:0000047 polyA plus RNA-seq||neuronal stem cell||CL:0000047||encode	RBFOX1_del3|input|0	chr16:6010734-6027118:.	ENSG00000078328	RBFOX1	protein_coding	+	RNA_SEQ	GeneMaskLFCScorer(requested_output=RNA_SEQ)	CL:0000047 polyA plus RNA-seq	.	polyA plus RNA-seq	CL:0000047	neuronal stem cell	in_vitro_differentiated_cells	embryonic		encode	paired	False	-0.9995035	RBFOX1_del3	deletion_3bp	input	0	chr16	6018925	TCCG	T	Cells & cell lines	display_only_pool	-0.027419567	0.0031218529	-0.0305414199	1	0	Developmental brain / neural progenitor	brain_primary	rbfox1_16kb	v0.20	pooled_cells_cell_lines	all_available_stages	False
CL:0000062 total RNA-seq||osteoblast||CL:0000062||encode	RBFOX1_del3|input|0	chr16:6010734-6027118:.	ENSG00000078328	RBFOX1	protein_coding	+	RNA_SEQ	GeneMaskLFCScorer(requested_output=RNA_SEQ)	CL:0000062 total RNA-seq	.	total RNA-seq	CL:0000062	osteoblast	primary_cell	adult		encode	paired	False	-0.999691	RBFOX1_del3	deletion_3bp	input	0	chr16	6018925	TCCG	T	Cells & cell lines	display_only_pool	-0.032021523	0.00318074225	-0.03520226525	1	0	Primary non-brain cell	nonbrain_control	rbfox1_16kb	v0.20	pooled_cells_cell_lines	all_available_stages	False
CL:0000084 polyA plus RNA-seq||T-cell||CL:0000084||encode	RBFOX1_del3|input|0	chr16:6010734-6027118:.	ENSG00000078328	RBFOX1	protein_coding	+	RNA_SEQ	GeneMaskLFCScorer(requested_output=RNA_SEQ)	CL:0000084 polyA plus RNA-seq	.	polyA plus RNA-seq	CL:0000084	T-cell	primary_cell	adult		encode	paired	False	-0.9774153	RBFOX1_del3	deletion_3bp	input	0	chr16	6018925	TCCG	T	Cells & cell lines	display_only_pool	-0.005317211	-0.050632954	0.045315743	1	0	Primary non-brain cell	nonbrain_control	rbfox1_16kb	v0.20	pooled_cells_cell_lines	all_available_stages	False
CL:0000084 total RNA-seq||T-cell||CL:0000084||encode	RBFOX1_del3|input|0	chr16:6010734-6027118:.	ENSG00000078328	RBFOX1	protein_coding	+	RNA_SEQ	GeneMaskLFCScorer(requested_output=RNA_SEQ)	CL:0000084 total RNA-seq	.	total RNA-seq	CL:0000084	T-cell	primary_cell	adult		encode	single	False	-0.9988023	RBFOX1_del3	deletion_3bp	input	0	chr16	6018925	TCCG	T	Cells & cell lines	display_only_pool	-0.014722347	-0.09191060000000001	0.07718825300000001	1	0	Primary non-brain cell	nonbrain_control	rbfox1_16kb	v0.20	pooled_cells_cell_lines	all_available_stages	False
CL:0000115 total RNA-seq||endothelial cell||CL:0000115||encode	RBFOX1_del3|input|0	chr16:6010734-6027118:.	ENSG00000078328	RBFOX1	protein_coding	+	RNA_SEQ	GeneMaskLFCScorer(requested_output=RNA_SEQ)	CL:0000115 total RNA-seq	.	total RNA-seq	CL:0000115	endothelial cell	in_vitro_differentiated_cells	adult		encode	single	False	-0.99970126	RBFOX1_del3	deletion_3bp	input	0	chr16	6018925	TCCG	T	Cells & cell lines	display_only_pool	-0.037671566	-0.00113272665	-0.03653883935	1	0	In vitro non-neural	nonbrain_control	rbfox1_16kb	v0.20	pooled_cells_cell_lines	all_available_stages	False
CL:0000127 total RNA-seq||astrocyte||CL:0000127||encode	RBFOX1_del3|input|0	chr16:6010734-6027118:.	ENSG00000078328	RBFOX1	protein_coding	+	RNA_SEQ	GeneMaskLFCScorer(requested_output=RNA_SEQ)	CL:0000127 total RNA-seq	.	total RNA-seq	CL:0000127	astrocyte	primary_cell	unknown		encode	paired	False	-0.9998762	RBFOX1_del3	deletion_3bp	input	0	chr16	6018925	TCCG	T	Cells & cell lines	display_only_pool	-0.059915543	0.00692868235	-0.06684422535000001	1	0	Neural / glial cells	brain_primary	rbfox1_16kb	v0.20	pooled_cells_cell_lines	all_available_stages	False
CL:0000134 polyA plus RNA-seq||mesenchymal stem cell||CL:0000134||encode	RBFOX1_del3|input|0	chr16:6010734-6027118:.	ENSG00000078328	RBFOX1	protein_coding	+	RNA_SEQ	GeneMaskLFCScorer(requested_output=RNA_SEQ)	CL:0000134 polyA plus RNA-seq	.	polyA plus RNA-seq	CL:0000134	mesenchymal stem cell	in_vitro_differentiated_cells	embryonic		encode	paired	False	-0.99962133	RBFOX1_del3	deletion_3bp	input	0	chr16	6018925	TCCG	T	Cells & cell lines	display_only_pool	-0.03240347	0.0028641223499999997	-0.035267592349999995	1	0	In vitro non-neural	nonbrain_control	rbfox1_16kb	v0.20	pooled_cells_cell_lines	all_available_stages	False
CL:0000137 total RNA-seq||osteocyte||CL:0000137||encode	RBFOX1_del3|input|0	chr16:6010734-6027118:.	ENSG00000078328	RBFOX1	protein_coding	+	RNA_SEQ	GeneMaskLFCScorer(requested_output=RNA_SEQ)	CL:0000137 total RNA-seq	.	total RNA-seq	CL:0000137	osteocyte	in_vitro_differentiated_cells	embryonic		encode	single	False	-0.9998919	RBFOX1_del3	deletion_3bp	input	0	chr16	6018925	TCCG	T	Cells & cell lines	display_only_pool	-0.063093185	0.00257635115	-0.06566953615	1	0	In vitro non-neural	nonbrain_control	rbfox1_16kb	v0.20	pooled_cells_cell_lines	all_available_stages	False
CL:0000138 total RNA-seq||chondrocyte||CL:0000138||encode	RBFOX1_del3|input|0	chr16:6010734-6027118:.	ENSG00000078328	RBFOX1	protein_coding	+	RNA_SEQ	GeneMaskLFCScorer(requested_output=RNA_SEQ)	CL:0000138 total RNA-seq	.	total RNA-seq	CL:0000138	chondrocyte	in_vitro_differentiated_cells	embryonic		encode	single	False	-0.9999504	RBFOX1_del3	deletion_3bp	input	0	chr16	6018925	TCCG	T	Cells & cell lines	display_only_pool	-0.10136747	0.00233364105	-0.10370111105	1	0	In vitro non-neural	nonbrain_control	rbfox1_16kb	v0.20	pooled_cells_cell_lines	all_available_stages	False
CL:0000169 total RNA-seq||type B pancreatic cell||CL:0000169||encode	RBFOX1_del3|input|0	chr16:6010734-6027118:.	ENSG00000078328	RBFOX1	protein_coding	+	RNA_SEQ	GeneMaskLFCScorer(requested_output=RNA_SEQ)	CL:0000169 total RNA-seq	.	total RNA-seq	CL:0000169	type B pancreatic cell	in_vitro_differentiated_cells	embryonic		encode	single	False	0.9969102	RBFOX1_del3	deletion_3bp	input	0	chr16	6018925	TCCG	T	Cells & cell lines	display_only_pool	0.008562565	0.025976181	-0.017413616	1	0	In vitro non-neural	nonbrain_control	rbfox1_16kb	v0.20	pooled_cells_cell_lines	all_available_stages	False
CL:0000182 total RNA-seq||hepatocyte||CL:0000182||encode	RBFOX1_del3|input|0	chr16:6010734-6027118:.	ENSG00000078328	RBFOX1	protein_coding	+	RNA_SEQ	GeneMaskLFCScorer(requested_output=RNA_SEQ)	CL:0000182 total RNA-seq	.	total RNA-seq	CL:0000182	hepatocyte	in_vitro_differentiated_cells	embryonic		encode	paired	False	-0.9996693	RBFOX1_del3	deletion_3bp	input	0	chr16	6018925	TCCG	T	Cells & cell lines	display_only_pool	-0.0364151	0.0027575493000000003	-0.0391726493	1	0	In vitro non-neural	nonbrain_control	rbfox1_16kb	v0.20	pooled_cells_cell_lines	all_available_stages	False
CL:0000187 total RNA-seq||myocyte||CL:0000187||encode	RBFOX1_del3|input|0	chr16:6010734-6027118:.	ENSG00000078328	RBFOX1	protein_coding	+	RNA_SEQ	GeneMaskLFCScorer(requested_output=RNA_SEQ)	CL:0000187 total RNA-seq	.	total RNA-seq	CL:0000187	myocyte	in_vitro_differentiated_cells	adult		encode	paired	False	-0.9993916	RBFOX1_del3	deletion_3bp	input	0	chr16	6018925	TCCG	T	Cells & cell lines	display_only_pool	-0.023434639	-0.0005247593	-0.0229098797	1	0	In vitro non-neural	nonbrain_control	rbfox1_16kb	v0.20	pooled_cells_cell_lines	all_available_stages	False
CL:0000192 total RNA-seq||smooth muscle cell||CL:0000192||encode	RBFOX1_del3|input|0	chr16:6010734-6027118:.	ENSG00000078328	RBFOX1	protein_coding	+	RNA_SEQ	GeneMaskLFCScorer(requested_output=RNA_SEQ)	CL:0000192 total RNA-seq	.	total RNA-seq	CL:0000192	smooth muscle cell	in_vitro_differentiated_cells	embryonic		encode	paired	False	-0.9998483	RBFOX1_del3	deletion_3bp	input	0	chr16	6018925	TCCG	T	Cells & cell lines	display_only_pool	-0.058472157	0.005840539949999999	-0.06431269695	1	0	In vitro non-neural	nonbrain_control	rbfox1_16kb	v0.20	pooled_cells_cell_lines	all_available_stages	False
CL:0000221 polyA plus RNA-seq||ectodermal cell||CL:0000221||encode	RBFOX1_del3|input|0	chr16:6010734-6027118:.	ENSG00000078328	RBFOX1	protein_coding	+	RNA_SEQ	GeneMaskLFCScorer(requested_output=RNA_SEQ)	CL:0000221 polyA plus RNA-seq	.	polyA plus RNA-seq	CL:0000221	ectodermal cell	in_vitro_differentiated_cells	embryonic		encode	paired	False	-0.9994864	RBFOX1_del3	deletion_3bp	input	0	chr16	6018925	TCCG	T	Cells & cell lines	display_only_pool	-0.028014183	0.0063569545	-0.0343711375	1	0	In vitro non-neural	nonbrain_control	rbfox1_16kb	v0.20	pooled_cells_cell_lines	all_available_stages	False
CL:0000222 polyA plus RNA-seq||mesodermal cell||CL:0000222||encode	RBFOX1_del3|input|0	chr16:6010734-6027118:.	ENSG00000078328	RBFOX1	protein_coding	+	RNA_SEQ	GeneMaskLFCScorer(requested_output=RNA_SEQ)	CL:0000222 polyA plus RNA-seq	.	polyA plus RNA-seq	CL:0000222	mesodermal cell	in_vitro_differentiated_cells	embryonic		encode	paired	False	-0.99983764	RBFOX1_del3	deletion_3bp	input	0	chr16	6018925	TCCG	T	Cells & cell lines	display_only_pool	-0.063464165	0.00531673425	-0.06878089925	1	0	In vitro non-neural	nonbrain_control	rbfox1_16kb	v0.20	pooled_cells_cell_lines	all_available_stages	False
CL:0000223 polyA plus RNA-seq||endodermal cell||CL:0000223||encode	RBFOX1_del3|input|0	chr16:6010734-6027118:.	ENSG00000078328	RBFOX1	protein_coding	+	RNA_SEQ	GeneMaskLFCScorer(requested_output=RNA_SEQ)	CL:0000223 polyA plus RNA-seq	.	polyA plus RNA-seq	CL:0000223	endodermal cell	in_vitro_differentiated_cells	embryonic		encode	paired	False	-0.99956644	RBFOX1_del3	deletion_3bp	input	0	chr16	6018925	TCCG	T	Cells & cell lines	display_only_pool	-0.03290081	0.00212287905	-0.03502368905	1	0	In vitro non-neural	nonbrain_control	rbfox1_16kb	v0.20	pooled_cells_cell_lines	all_available_stages	False
CL:0000223 total RNA-seq||endodermal cell||CL:0000223||encode	RBFOX1_del3|input|0	chr16:6010734-6027118:.	ENSG00000078328	RBFOX1	protein_coding	+	RNA_SEQ	GeneMaskLFCScorer(requested_output=RNA_SEQ)	CL:0000223 total RNA-seq	.	total RNA-seq	CL:0000223	endodermal cell	in_vitro_differentiated_cells	embryonic		encode	single	False	-0.9993265	RBFOX1_del3	deletion_3bp	input	0	chr16	6018925	TCCG	T	Cells & cell lines	display_only_pool	-0.022829056	0.0068457127	-0.0296747687	1	0	In vitro non-neural	nonbrain_control	rbfox1_16kb	v0.20	pooled_cells_cell_lines	all_available_stages	False
CL:0000236 polyA plus RNA-seq||B cell||CL:0000236||encode	RBFOX1_del3|input|0	chr16:6010734-6027118:.	ENSG00000078328	RBFOX1	protein_coding	+	RNA_SEQ	GeneMaskLFCScorer(requested_output=RNA_SEQ)	CL:0000236 polyA plus RNA-seq	.	polyA plus RNA-seq	CL:0000236	B cell	primary_cell	adult		encode	paired	False	-0.99831975	RBFOX1_del3	deletion_3bp	input	0	chr16	6018925	TCCG	T	Cells & cell lines	display_only_pool	-0.013975143	-0.0408749585	0.0268998155	1	0	Primary non-brain cell	nonbrain_control	rbfox1_16kb	v0.20	pooled_cells_cell_lines	all_available_stages	False
CL:0000236 total RNA-seq||B cell||CL:0000236||encode	RBFOX1_del3|input|0	chr16:6010734-6027118:.	ENSG00000078328	RBFOX1	protein_coding	+	RNA_SEQ	GeneMaskLFCScorer(requested_output=RNA_SEQ)	CL:0000236 total RNA-seq	.	total RNA-seq	CL:0000236	B cell	primary_cell	adult		encode	single	False	-0.99831975	RBFOX1_del3	deletion_3bp	input	0	chr16	6018925	TCCG	T	Cells & cell lines	display_only_pool	-0.012727737	-0.0510745045	0.038346767500000004	1	0	Primary non-brain cell	nonbrain_control	rbfox1_16kb	v0.20	pooled_cells_cell_lines	all_available_stages	False
CL:0000307 total RNA-seq||tracheal epithelial cell||CL:0000307||encode	RBFOX1_del3|input|0	chr16:6010734-6027118:.	ENSG00000078328	RBFOX1	protein_coding	+	RNA_SEQ	GeneMaskLFCScorer(requested_output=RNA_SEQ)	CL:0000307 total RNA-seq	.	total RNA-seq	CL:0000307	tracheal epithelial cell	primary_cell	adult		encode	paired	False	0.9996083	RBFOX1_del3	deletion_3bp	input	0	chr16	6018925	TCCG	T	Cells & cell lines	display_only_pool	0.026209354	0.009535789499999999	0.0166735645	1	0	Primary non-brain cell	nonbrain_control	rbfox1_16kb	v0.20	pooled_cells_cell_lines	all_available_stages	False
CL:0000312 polyA plus RNA-seq||keratinocyte||CL:0000312||encode	RBFOX1_del3|input|0	chr16:6010734-6027118:.	ENSG00000078328	RBFOX1	protein_coding	+	RNA_SEQ	GeneMaskLFCScorer(requested_output=RNA_SEQ)	CL:0000312 polyA plus RNA-seq	.	polyA plus RNA-seq	CL:0000312	keratinocyte	primary_cell	unknown		encode	paired	False	0.9639548	RBFOX1_del3	deletion_3bp	input	0	chr16	6018925	TCCG	T	Cells & cell lines	display_only_pool	0.00420475	0.0042455196	-4.076959999999973e-05	1	0	Primary non-brain cell	nonbrain_control	rbfox1_16kb	v0.20	pooled_cells_cell_lines	all_available_stages	False
CL:0000346 total RNA-seq||hair follicle dermal papilla cell||CL:0000346||encode	RBFOX1_del3|input|0	chr16:6010734-6027118:.	ENSG00000078328	RBFOX1	protein_coding	+	RNA_SEQ	GeneMaskLFCScorer(requested_output=RNA_SEQ)	CL:0000346 total RNA-seq	.	total RNA-seq	CL:0000346	hair follicle dermal papilla cell	primary_cell	adult		encode	paired	False	-0.9998077	RBFOX1_del3	deletion_3bp	input	0	chr16	6018925	TCCG	T	Cells & cell lines	display_only_pool	-0.04571867	0.007208109	-0.052926779	1	0	Primary non-brain cell	nonbrain_control	rbfox1_16kb	v0.20	pooled_cells_cell_lines	all_available_stages	False
CL:0000351 polyA plus RNA-seq||trophoblast cell||CL:0000351||encode	RBFOX1_del3|input|0	chr16:6010734-6027118:.	ENSG00000078328	RBFOX1	protein_coding	+	RNA_SEQ	GeneMaskLFCScorer(requested_output=RNA_SEQ)	CL:0000351 polyA plus RNA-seq	.	polyA plus RNA-seq	CL:0000351	trophoblast cell	in_vitro_differentiated_cells	embryonic		encode	paired	False	-0.9997643	RBFOX1_del3	deletion_3bp	input	0	chr16	6018925	TCCG	T	Cells & cell lines	display_only_pool	-0.0536108	0.008233309000000001	-0.061844109	1	0	In vitro non-neural	nonbrain_control	rbfox1_16kb	v0.20	pooled_cells_cell_lines	all_available_stages	False
CL:0000515 polyA plus RNA-seq||skeletal muscle myoblast||CL:0000515||encode	RBFOX1_del3|input|0	chr16:6010734-6027118:.	ENSG00000078328	RBFOX1	protein_coding	+	RNA_SEQ	GeneMaskLFCScorer(requested_output=RNA_SEQ)	CL:0000515 polyA plus RNA-seq	.	polyA plus RNA-seq	CL:0000515	skeletal muscle myoblast	primary_cell	unknown		encode	paired	False	-0.9960848	RBFOX1_del3	deletion_3bp	input	0	chr16	6018925	TCCG	T	Cells & cell lines	display_only_pool	-0.008995056	-0.00019431114499999998	-0.008800744854999999	1	0	Primary non-brain cell	nonbrain_control	rbfox1_16kb	v0.20	pooled_cells_cell_lines	all_available_stages	False
CL:0000515 total RNA-seq||skeletal muscle myoblast||CL:0000515||encode	RBFOX1_del3|input|0	chr16:6010734-6027118:.	ENSG00000078328	RBFOX1	protein_coding	+	RNA_SEQ	GeneMaskLFCScorer(requested_output=RNA_SEQ)	CL:0000515 total RNA-seq	.	total RNA-seq	CL:0000515	skeletal muscle myoblast	primary_cell	unknown		encode	paired	False	-0.9996693	RBFOX1_del3	deletion_3bp	input	0	chr16	6018925	TCCG	T	Cells & cell lines	display_only_pool	-0.035459995	-0.00113010405	-0.034329890950000004	1	0	Primary non-brain cell	nonbrain_control	rbfox1_16kb	v0.20	pooled_cells_cell_lines	all_available_stages	False
CL:0000594 total RNA-seq||skeletal muscle satellite cell||CL:0000594||encode	RBFOX1_del3|input|0	chr16:6010734-6027118:.	ENSG00000078328	RBFOX1	protein_coding	+	RNA_SEQ	GeneMaskLFCScorer(requested_output=RNA_SEQ)	CL:0000594 total RNA-seq	.	total RNA-seq	CL:0000594	skeletal muscle satellite cell	primary_cell	adult		encode	paired	False	-0.9849032	RBFOX1_del3	deletion_3bp	input	0	chr16	6018925	TCCG	T	Cells & cell lines	display_only_pool	-0.004949093	0.0058772564	-0.010826349400000001	1	0	Primary non-brain cell	nonbrain_control	rbfox1_16kb	v0.20	pooled_cells_cell_lines	all_available_stages	False
CL:0000623 polyA plus RNA-seq||natural killer cell||CL:0000623||encode	RBFOX1_del3|input|0	chr16:6010734-6027118:.	ENSG00000078328	RBFOX1	protein_coding	+	RNA_SEQ	GeneMaskLFCScorer(requested_output=RNA_SEQ)	CL:0000623 polyA plus RNA-seq	.	polyA plus RNA-seq	CL:0000623	natural killer cell	primary_cell	adult		encode	paired	False	-0.998918	RBFOX1_del3	deletion_3bp	input	0	chr16	6018925	TCCG	T	Cells & cell lines	display_only_pool	-0.016815186	-0.06544303800000001	0.04862785200000001	1	0	Primary non-brain cell	nonbrain_control	rbfox1_16kb	v0.20	pooled_cells_cell_lines	all_available_stages	False
CL:0000623 total RNA-seq||natural killer cell||CL:0000623||encode	RBFOX1_del3|input|0	chr16:6010734-6027118:.	ENSG00000078328	RBFOX1	protein_coding	+	RNA_SEQ	GeneMaskLFCScorer(requested_output=RNA_SEQ)	CL:0000623 total RNA-seq	.	total RNA-seq	CL:0000623	natural killer cell	primary_cell	adult		encode	single	False	-0.9994864	RBFOX1_del3	deletion_3bp	input	0	chr16	6018925	TCCG	T	Cells & cell lines	display_only_pool	-0.02700138	-0.063767435	0.036766055	1	0	Primary non-brain cell	nonbrain_control	rbfox1_16kb	v0.20	pooled_cells_cell_lines	all_available_stages	False
CL:0000624 total RNA-seq||CD4-positive, alpha-beta T cell||CL:0000624||encode	RBFOX1_del3|input|0	chr16:6010734-6027118:.	ENSG00000078328	RBFOX1	protein_coding	+	RNA_SEQ	GeneMaskLFCScorer(requested_output=RNA_SEQ)	CL:0000624 total RNA-seq	.	total RNA-seq	CL:0000624	CD4-positive, alpha-beta T cell	primary_cell	adult		encode	single	False	-0.99800986	RBFOX1_del3	deletion_3bp	input	0	chr16	6018925	TCCG	T	Cells & cell lines	display_only_pool	-0.011295795	-0.049406767	0.03811097199999999	1	0	Primary non-brain cell	nonbrain_control	rbfox1_16kb	v0.20	pooled_cells_cell_lines	all_available_stages	False
CL:0000625 total RNA-seq||CD8-positive, alpha-beta T cell||CL:0000625||encode	RBFOX1_del3|input|0	chr16:6010734-6027118:.	ENSG00000078328	RBFOX1	protein_coding	+	RNA_SEQ	GeneMaskLFCScorer(requested_output=RNA_SEQ)	CL:0000625 total RNA-seq	.	total RNA-seq	CL:0000625	CD8-positive, alpha-beta T cell	primary_cell	adult		encode	single	False	-0.997013	RBFOX1_del3	deletion_3bp	input	0	chr16	6018925	TCCG	T	Cells & cell lines	display_only_pool	-0.009815216	-0.04260373	0.032788514	1	0	Primary non-brain cell	nonbrain_control	rbfox1_16kb	v0.20	pooled_cells_cell_lines	all_available_stages	False
CL:0000650 total RNA-seq||mesangial cell||CL:0000650||encode	RBFOX1_del3|input|0	chr16:6010734-6027118:.	ENSG00000078328	RBFOX1	protein_coding	+	RNA_SEQ	GeneMaskLFCScorer(requested_output=RNA_SEQ)	CL:0000650 total RNA-seq	.	total RNA-seq	CL:0000650	mesangial cell	primary_cell	unknown,embryonic		encode	paired	False	-0.9998803	RBFOX1_del3	deletion_3bp	input	0	chr16	6018925	TCCG	T	Cells & cell lines	display_only_pool	-0.062167645	0.0030345917	-0.0652022367	1	0	Primary non-brain cell	nonbrain_control	rbfox1_16kb	v0.20	pooled_cells_cell_lines	all_available_stages	False
CL:0000679 total RNA-seq||glutamatergic neuron||CL:0000679||encode	RBFOX1_del3|input|0	chr16:6010734-6027118:.	ENSG00000078328	RBFOX1	protein_coding	+	RNA_SEQ	GeneMaskLFCScorer(requested_output=RNA_SEQ)	CL:0000679 total RNA-seq	.	total RNA-seq	CL:0000679	glutamatergic neuron	in_vitro_differentiated_cells	adult		encode	single	False	0.99983764	RBFOX1_del3	deletion_3bp	input	0	chr16	6018925	TCCG	T	Cells & cell lines	display_only_pool	0.04513049	-0.0021914244	0.047321914400000005	1	0	Neural / glial cells	brain_primary	rbfox1_16kb	v0.20	pooled_cells_cell_lines	all_available_stages	False
CL:0000746 total RNA-seq||cardiac muscle cell||CL:0000746||encode	RBFOX1_del3|input|0	chr16:6010734-6027118:.	ENSG00000078328	RBFOX1	protein_coding	+	RNA_SEQ	GeneMaskLFCScorer(requested_output=RNA_SEQ)	CL:0000746 total RNA-seq	.	total RNA-seq	CL:0000746	cardiac muscle cell	in_vitro_differentiated_cells	embryonic		encode	paired	False	-0.99998325	RBFOX1_del3	deletion_3bp	input	0	chr16	6018925	TCCG	T	Cells & cell lines	display_only_pool	-0.18742085	0.006985544999999999	-0.194406395	1	0	In vitro non-neural	nonbrain_control	rbfox1_16kb	v0.20	pooled_cells_cell_lines	all_available_stages	False
CL:0000792 total RNA-seq||CD4-positive, CD25-positive, alpha-beta regulatory T cell||CL:0000792||encode	RBFOX1_del3|input|0	chr16:6010734-6027118:.	ENSG00000078328	RBFOX1	protein_coding	+	RNA_SEQ	GeneMaskLFCScorer(requested_output=RNA_SEQ)	CL:0000792 total RNA-seq	.	total RNA-seq	CL:0000792	CD4-positive, CD25-positive, alpha-beta regulatory T cell	primary_cell	adult		encode	single	False	-0.998482	RBFOX1_del3	deletion_3bp	input	0	chr16	6018925	TCCG	T	Cells & cell lines	display_only_pool	-0.0127744675	-0.043223858000000004	0.030449390500000006	1	0	Primary non-brain cell	nonbrain_control	rbfox1_16kb	v0.20	pooled_cells_cell_lines	all_available_stages	False
CL:0000837 total RNA-seq||hematopoietic multipotent progenitor cell||CL:0000837||encode	RBFOX1_del3|input|0	chr16:6010734-6027118:.	ENSG00000078328	RBFOX1	protein_coding	+	RNA_SEQ	GeneMaskLFCScorer(requested_output=RNA_SEQ)	CL:0000837 total RNA-seq	.	total RNA-seq	CL:0000837	hematopoietic multipotent progenitor cell	in_vitro_differentiated_cells	unknown		encode	paired	False	-0.99956644	RBFOX1_del3	deletion_3bp	input	0	chr16	6018925	TCCG	T	Cells & cell lines	display_only_pool	-0.02985096	-0.038276195	0.008425235	1	0	In vitro non-neural	nonbrain_control	rbfox1_16kb	v0.20	pooled_cells_cell_lines	all_available_stages	False
CL:0000842 total RNA-seq||mononuclear cell||CL:0000842||encode	RBFOX1_del3|input|0	chr16:6010734-6027118:.	ENSG00000078328	RBFOX1	protein_coding	+	RNA_SEQ	GeneMaskLFCScorer(requested_output=RNA_SEQ)	CL:0000842 total RNA-seq	.	total RNA-seq	CL:0000842	mononuclear cell	primary_cell	adult		encode	paired	False	-0.9973013	RBFOX1_del3	deletion_3bp	input	0	chr16	6018925	TCCG	T	Cells & cell lines	display_only_pool	-0.0099487305	-0.0514681335	0.041519402999999996	1	0	Primary non-brain cell	nonbrain_control	rbfox1_16kb	v0.20	pooled_cells_cell_lines	all_available_stages	False
CL:0000895 total RNA-seq||naive thymus-derived CD4-positive, alpha-beta T cell||CL:0000895||encode	RBFOX1_del3|input|0	chr16:6010734-6027118:.	ENSG00000078328	RBFOX1	protein_coding	+	RNA_SEQ	GeneMaskLFCScorer(requested_output=RNA_SEQ)	CL:0000895 total RNA-seq	.	total RNA-seq	CL:0000895	naive thymus-derived CD4-positive, alpha-beta T cell	primary_cell	adult		encode	single	False	-0.99898887	RBFOX1_del3	deletion_3bp	input	0	chr16	6018925	TCCG	T	Cells & cell lines	display_only_pool	-0.016094685	-0.0734272	0.057332515	1	0	Primary non-brain cell	nonbrain_control	rbfox1_16kb	v0.20	pooled_cells_cell_lines	all_available_stages	False
CL:0000897 total RNA-seq||CD4-positive, alpha-beta memory T cell||CL:0000897||encode	RBFOX1_del3|input|0	chr16:6010734-6027118:.	ENSG00000078328	RBFOX1	protein_coding	+	RNA_SEQ	GeneMaskLFCScorer(requested_output=RNA_SEQ)	CL:0000897 total RNA-seq	.	total RNA-seq	CL:0000897	CD4-positive, alpha-beta memory T cell	primary_cell	adult		encode	single	False	-0.9977972	RBFOX1_del3	deletion_3bp	input	0	chr16	6018925	TCCG	T	Cells & cell lines	display_only_pool	-0.011438847	-0.0878629675	0.0764241205	1	0	Primary non-brain cell	nonbrain_control	rbfox1_16kb	v0.20	pooled_cells_cell_lines	all_available_stages	False
CL:0000899 total RNA-seq||T-helper 17 cell||CL:0000899||encode	RBFOX1_del3|input|0	chr16:6010734-6027118:.	ENSG00000078328	RBFOX1	protein_coding	+	RNA_SEQ	GeneMaskLFCScorer(requested_output=RNA_SEQ)	CL:0000899 total RNA-seq	.	total RNA-seq	CL:0000899	T-helper 17 cell	primary_cell	adult		encode	single	False	-0.99914634	RBFOX1_del3	deletion_3bp	input	0	chr16	6018925	TCCG	T	Cells & cell lines	display_only_pool	-0.017690659	-0.0619187355	0.044228076500000005	1	0	Primary non-brain cell	nonbrain_control	rbfox1_16kb	v0.20	pooled_cells_cell_lines	all_available_stages	False
CL:0000900 total RNA-seq||naive thymus-derived CD8-positive, alpha-beta T cell||CL:0000900||encode	RBFOX1_del3|input|0	chr16:6010734-6027118:.	ENSG00000078328	RBFOX1	protein_coding	+	RNA_SEQ	GeneMaskLFCScorer(requested_output=RNA_SEQ)	CL:0000900 total RNA-seq	.	total RNA-seq	CL:0000900	naive thymus-derived CD8-positive, alpha-beta T cell	primary_cell	adult		encode	single	False	-0.9941265	RBFOX1_del3	deletion_3bp	input	0	chr16	6018925	TCCG	T	Cells & cell lines	display_only_pool	-0.00824213	-0.06928443749999999	0.06104230749999999	1	0	Primary non-brain cell	nonbrain_control	rbfox1_16kb	v0.20	pooled_cells_cell_lines	all_available_stages	False
CL:0000909 total RNA-seq||CD8-positive, alpha-beta memory T cell||CL:0000909||encode	RBFOX1_del3|input|0	chr16:6010734-6027118:.	ENSG00000078328	RBFOX1	protein_coding	+	RNA_SEQ	GeneMaskLFCScorer(requested_output=RNA_SEQ)	CL:0000909 total RNA-seq	.	total RNA-seq	CL:0000909	CD8-positive, alpha-beta memory T cell	primary_cell	adult		encode	single	False	-0.9980761	RBFOX1_del3	deletion_3bp	input	0	chr16	6018925	TCCG	T	Cells & cell lines	display_only_pool	-0.011564732	-0.026280165	0.014715433000000002	1	0	Primary non-brain cell	nonbrain_control	rbfox1_16kb	v0.20	pooled_cells_cell_lines	all_available_stages	False
CL:0001054 polyA plus RNA-seq||CD14-positive monocyte||CL:0001054||encode	RBFOX1_del3|input|0	chr16:6010734-6027118:.	ENSG00000078328	RBFOX1	protein_coding	+	RNA_SEQ	GeneMaskLFCScorer(requested_output=RNA_SEQ)	CL:0001054 polyA plus RNA-seq	.	polyA plus RNA-seq	CL:0001054	CD14-positive monocyte	primary_cell	adult		encode	paired	False	-0.600902	RBFOX1_del3	deletion_3bp	input	0	chr16	6018925	TCCG	T	Cells & cell lines	display_only_pool	-0.0007534027	-0.0154645445	0.0147111418	1	0	Primary non-brain cell	nonbrain_control	rbfox1_16kb	v0.20	pooled_cells_cell_lines	all_available_stages	False
CL:0002098 total RNA-seq||regular cardiac myocyte||CL:0002098||encode	RBFOX1_del3|input|0	chr16:6010734-6027118:.	ENSG00000078328	RBFOX1	protein_coding	+	RNA_SEQ	GeneMaskLFCScorer(requested_output=RNA_SEQ)	CL:0002098 total RNA-seq	.	total RNA-seq	CL:0002098	regular cardiac myocyte	primary_cell	adult		encode	paired	False	-0.99973017	RBFOX1_del3	deletion_3bp	input	0	chr16	6018925	TCCG	T	Cells & cell lines	display_only_pool	-0.035892963	0.00360393525	-0.03949689825	1	0	Primary non-brain cell	nonbrain_control	rbfox1_16kb	v0.20	pooled_cells_cell_lines	all_available_stages	False
CL:0002188 total RNA-seq||glomerular endothelial cell||CL:0002188||encode	RBFOX1_del3|input|0	chr16:6010734-6027118:.	ENSG00000078328	RBFOX1	protein_coding	+	RNA_SEQ	GeneMaskLFCScorer(requested_output=RNA_SEQ)	CL:0002188 total RNA-seq	.	total RNA-seq	CL:0002188	glomerular endothelial cell	primary_cell	embryonic		encode	paired	False	-0.9992793	RBFOX1_del3	deletion_3bp	input	0	chr16	6018925	TCCG	T	Cells & cell lines	display_only_pool	-0.019333363	0.0018129348999999999	-0.0211462979	1	0	Primary non-brain cell	nonbrain_control	rbfox1_16kb	v0.20	pooled_cells_cell_lines	all_available_stages	False
CL:0002306 total RNA-seq||epithelial cell of proximal tubule||CL:0002306||encode	RBFOX1_del3|input|0	chr16:6010734-6027118:.	ENSG00000078328	RBFOX1	protein_coding	+	RNA_SEQ	GeneMaskLFCScorer(requested_output=RNA_SEQ)	CL:0002306 total RNA-seq	.	total RNA-seq	CL:0002306	epithelial cell of proximal tubule	primary_cell	unknown		encode	paired	False	-0.9996579	RBFOX1_del3	deletion_3bp	input	0	chr16	6018925	TCCG	T	Cells & cell lines	display_only_pool	-0.032543182	0.0012123584500000001	-0.033755540449999996	1	0	Primary non-brain cell	nonbrain_control	rbfox1_16kb	v0.20	pooled_cells_cell_lines	all_available_stages	False
CL:0002319 polyA plus RNA-seq||neural cell||CL:0002319||encode	RBFOX1_del3|input|0	chr16:6010734-6027118:.	ENSG00000078328	RBFOX1	protein_coding	+	RNA_SEQ	GeneMaskLFCScorer(requested_output=RNA_SEQ)	CL:0002319 polyA plus RNA-seq	.	polyA plus RNA-seq	CL:0002319	neural cell	in_vitro_differentiated_cells	embryonic		encode	paired	False	-0.7819256	RBFOX1_del3	deletion_3bp	input	0	chr16	6018925	TCCG	T	Cells & cell lines	display_only_pool	-0.0016670227	-0.0059663057499999995	0.00429928305	1	0	Neural / glial cells	brain_primary	rbfox1_16kb	v0.20	pooled_cells_cell_lines	all_available_stages	False
CL:0002324 polyA plus RNA-seq||myoepithelial cell of mammary gland||CL:0002324||encode	RBFOX1_del3|input|0	chr16:6010734-6027118:.	ENSG00000078328	RBFOX1	protein_coding	+	RNA_SEQ	GeneMaskLFCScorer(requested_output=RNA_SEQ)	CL:0002324 polyA plus RNA-seq	.	polyA plus RNA-seq	CL:0002324	myoepithelial cell of mammary gland	primary_cell	adult		encode	paired	False	-0.9997643	RBFOX1_del3	deletion_3bp	input	0	chr16	6018925	TCCG	T	Cells & cell lines	display_only_pool	-0.04720068	0.00145578385	-0.048656463850000005	1	0	Primary non-brain cell	nonbrain_control	rbfox1_16kb	v0.20	pooled_cells_cell_lines	all_available_stages	False
CL:0002326 polyA plus RNA-seq||luminal epithelial cell of mammary gland||CL:0002326||encode	RBFOX1_del3|input|0	chr16:6010734-6027118:.	ENSG00000078328	RBFOX1	protein_coding	+	RNA_SEQ	GeneMaskLFCScorer(requested_output=RNA_SEQ)	CL:0002326 polyA plus RNA-seq	.	polyA plus RNA-seq	CL:0002326	luminal epithelial cell of mammary gland	primary_cell	adult		encode	paired	False	-0.998202	RBFOX1_del3	deletion_3bp	input	0	chr16	6018925	TCCG	T	Cells & cell lines	display_only_pool	-0.012588024	-5.1975250500000005e-05	-0.0125360487495	1	0	Primary non-brain cell	nonbrain_control	rbfox1_16kb	v0.20	pooled_cells_cell_lines	all_available_stages	False
CL:0002327 polyA plus RNA-seq||mammary epithelial cell||CL:0002327||encode	RBFOX1_del3|input|0	chr16:6010734-6027118:.	ENSG00000078328	RBFOX1	protein_coding	+	RNA_SEQ	GeneMaskLFCScorer(requested_output=RNA_SEQ)	CL:0002327 polyA plus RNA-seq	.	polyA plus RNA-seq	CL:0002327	mammary epithelial cell	primary_cell	adult		encode	paired	False	0.99204075	RBFOX1_del3	deletion_3bp	input	0	chr16	6018925	TCCG	T	Cells & cell lines	display_only_pool	0.0071024895	0.020350933	-0.013248443500000002	1	0	Primary non-brain cell	nonbrain_control	rbfox1_16kb	v0.20	pooled_cells_cell_lines	all_available_stages	False
CL:0002327 total RNA-seq||mammary epithelial cell||CL:0002327||encode	RBFOX1_del3|input|0	chr16:6010734-6027118:.	ENSG00000078328	RBFOX1	protein_coding	+	RNA_SEQ	GeneMaskLFCScorer(requested_output=RNA_SEQ)	CL:0002327 total RNA-seq	.	total RNA-seq	CL:0002327	mammary epithelial cell	primary_cell	adult		encode	paired	False	-0.34146425	RBFOX1_del3	deletion_3bp	input	0	chr16	6018925	TCCG	T	Cells & cell lines	display_only_pool	-0.00013065338	0.030753851	-0.03088450438	1	0	Primary non-brain cell	nonbrain_control	rbfox1_16kb	v0.20	pooled_cells_cell_lines	all_available_stages	False
CL:0002328 total RNA-seq||bronchial epithelial cell||CL:0002328||encode	RBFOX1_del3|input|0	chr16:6010734-6027118:.	ENSG00000078328	RBFOX1	protein_coding	+	RNA_SEQ	GeneMaskLFCScorer(requested_output=RNA_SEQ)	CL:0002328 total RNA-seq	.	total RNA-seq	CL:0002328	bronchial epithelial cell	primary_cell	adult		encode	paired	False	0.99956644	RBFOX1_del3	deletion_3bp	input	0	chr16	6018925	TCCG	T	Cells & cell lines	display_only_pool	0.025357246	0.00628614425	0.01907110175	1	0	Primary non-brain cell	nonbrain_control	rbfox1_16kb	v0.20	pooled_cells_cell_lines	all_available_stages	False
CL:0002351 total RNA-seq||progenitor cell of endocrine pancreas||CL:0002351||encode	RBFOX1_del3|input|0	chr16:6010734-6027118:.	ENSG00000078328	RBFOX1	protein_coding	+	RNA_SEQ	GeneMaskLFCScorer(requested_output=RNA_SEQ)	CL:0002351 total RNA-seq	.	total RNA-seq	CL:0002351	progenitor cell of endocrine pancreas	in_vitro_differentiated_cells	embryonic		encode	single	False	-0.9992545	RBFOX1_del3	deletion_3bp	input	0	chr16	6018925	TCCG	T	Cells & cell lines	display_only_pool	-0.019979954	0.0058059692	-0.0257859232	1	0	In vitro non-neural	nonbrain_control	rbfox1_16kb	v0.20	pooled_cells_cell_lines	all_available_stages	False
CL:0002366 total RNA-seq||myometrial cell||CL:0002366||encode	RBFOX1_del3|input|0	chr16:6010734-6027118:.	ENSG00000078328	RBFOX1	protein_coding	+	RNA_SEQ	GeneMaskLFCScorer(requested_output=RNA_SEQ)	CL:0002366 total RNA-seq	.	total RNA-seq	CL:0002366	myometrial cell	primary_cell	adult		encode	paired	False	-0.9977972	RBFOX1_del3	deletion_3bp	input	0	chr16	6018925	TCCG	T	Cells & cell lines	display_only_pool	-0.009804726	0.00110411645	-0.01090884245	1	0	Primary non-brain cell	nonbrain_control	rbfox1_16kb	v0.20	pooled_cells_cell_lines	all_available_stages	False
CL:0002368 total RNA-seq||airway epithelial cell||CL:0002368||encode	RBFOX1_del3|input|0	chr16:6010734-6027118:.	ENSG00000078328	RBFOX1	protein_coding	+	RNA_SEQ	GeneMaskLFCScorer(requested_output=RNA_SEQ)	CL:0002368 total RNA-seq	.	total RNA-seq	CL:0002368	airway epithelial cell	primary_cell	unknown		encode	paired	False	0.99914634	RBFOX1_del3	deletion_3bp	input	0	chr16	6018925	TCCG	T	Cells & cell lines	display_only_pool	0.016210556	0.011464596	0.0047459600000000005	1	0	Primary non-brain cell	nonbrain_control	rbfox1_16kb	v0.20	pooled_cells_cell_lines	all_available_stages	False
CL:0002372 total RNA-seq||myotube||CL:0002372||encode	RBFOX1_del3|input|0	chr16:6010734-6027118:.	ENSG00000078328	RBFOX1	protein_coding	+	RNA_SEQ	GeneMaskLFCScorer(requested_output=RNA_SEQ)	CL:0002372 total RNA-seq	.	total RNA-seq	CL:0002372	myotube	in_vitro_differentiated_cells	unknown		encode	paired	False	-0.99984306	RBFOX1_del3	deletion_3bp	input	0	chr16	6018925	TCCG	T	Cells & cell lines	display_only_pool	-0.05832243	-0.0020189285000000003	-0.0563035015	1	0	In vitro non-neural	nonbrain_control	rbfox1_16kb	v0.20	pooled_cells_cell_lines	all_available_stages	False
CL:0002451 polyA plus RNA-seq||mammary stem cell||CL:0002451||encode	RBFOX1_del3|input|0	chr16:6010734-6027118:.	ENSG00000078328	RBFOX1	protein_coding	+	RNA_SEQ	GeneMaskLFCScorer(requested_output=RNA_SEQ)	CL:0002451 polyA plus RNA-seq	.	polyA plus RNA-seq	CL:0002451	mammary stem cell	primary_cell	adult		encode	paired	False	-0.99937063	RBFOX1_del3	deletion_3bp	input	0	chr16	6018925	TCCG	T	Cells & cell lines	display_only_pool	-0.024159908	-0.000479221345	-0.023680686655	1	0	Primary non-brain cell	nonbrain_control	rbfox1_16kb	v0.20	pooled_cells_cell_lines	all_available_stages	False
CL:0002518 total RNA-seq||kidney epithelial cell||CL:0002518||encode	RBFOX1_del3|input|0	chr16:6010734-6027118:.	ENSG00000078328	RBFOX1	protein_coding	+	RNA_SEQ	GeneMaskLFCScorer(requested_output=RNA_SEQ)	CL:0002518 total RNA-seq	.	total RNA-seq	CL:0002518	kidney epithelial cell	primary_cell	embryonic,newborn		encode	paired	False	-0.99980104	RBFOX1_del3	deletion_3bp	input	0	chr16	6018925	TCCG	T	Cells & cell lines	display_only_pool	-0.047731876	0.00458812725	-0.05232000325	1	0	Primary non-brain cell	nonbrain_control	rbfox1_16kb	v0.20	pooled_cells_cell_lines	all_available_stages	False
CL:0002539 total RNA-seq||aortic smooth muscle cell||CL:0002539||encode	RBFOX1_del3|input|0	chr16:6010734-6027118:.	ENSG00000078328	RBFOX1	protein_coding	+	RNA_SEQ	GeneMaskLFCScorer(requested_output=RNA_SEQ)	CL:0002539 total RNA-seq	.	total RNA-seq	CL:0002539	aortic smooth muscle cell	primary_cell	adult		encode	paired	False	-0.99973917	RBFOX1_del3	deletion_3bp	input	0	chr16	6018925	TCCG	T	Cells & cell lines	display_only_pool	-0.03686762	0.00332570075	-0.04019332075	1	0	Primary non-brain cell	nonbrain_control	rbfox1_16kb	v0.20	pooled_cells_cell_lines	all_available_stages	False
CL:0002540 total RNA-seq||mesenchymal stem cell of the bone marrow||CL:0002540||encode	RBFOX1_del3|input|0	chr16:6010734-6027118:.	ENSG00000078328	RBFOX1	protein_coding	+	RNA_SEQ	GeneMaskLFCScorer(requested_output=RNA_SEQ)	CL:0002540 total RNA-seq	.	total RNA-seq	CL:0002540	mesenchymal stem cell of the bone marrow	primary_cell	adult		encode	paired	False	-0.90030324	RBFOX1_del3	deletion_3bp	input	0	chr16	6018925	TCCG	T	Cells & cell lines	display_only_pool	-0.002313614	0.017604351	-0.019917965	1	0	Primary non-brain cell	nonbrain_control	rbfox1_16kb	v0.20	pooled_cells_cell_lines	all_available_stages	False
CL:0002543 total RNA-seq||vein endothelial cell||CL:0002543||encode	RBFOX1_del3|input|0	chr16:6010734-6027118:.	ENSG00000078328	RBFOX1	protein_coding	+	RNA_SEQ	GeneMaskLFCScorer(requested_output=RNA_SEQ)	CL:0002543 total RNA-seq	.	total RNA-seq	CL:0002543	vein endothelial cell	primary_cell	adult		encode	paired	False	-0.9788794	RBFOX1_del3	deletion_3bp	input	0	chr16	6018925	TCCG	T	Cells & cell lines	display_only_pool	-0.0046362877	0.000655412665	-0.005291700365	1	0	Primary non-brain cell	nonbrain_control	rbfox1_16kb	v0.20	pooled_cells_cell_lines	all_available_stages	False
CL:0002545 total RNA-seq||thoracic aorta endothelial cell||CL:0002545||encode	RBFOX1_del3|input|0	chr16:6010734-6027118:.	ENSG00000078328	RBFOX1	protein_coding	+	RNA_SEQ	GeneMaskLFCScorer(requested_output=RNA_SEQ)	CL:0002545 total RNA-seq	.	total RNA-seq	CL:0002545	thoracic aorta endothelial cell	primary_cell	adult		encode	paired	False	-0.93881017	RBFOX1_del3	deletion_3bp	input	0	chr16	6018925	TCCG	T	Cells & cell lines	display_only_pool	-0.0028562546	0.0006439686	-0.0035002232000000003	1	0	Primary non-brain cell	nonbrain_control	rbfox1_16kb	v0.20	pooled_cells_cell_lines	all_available_stages	False
CL:0002547 total RNA-seq||fibroblast of the aortic adventitia||CL:0002547||encode	RBFOX1_del3|input|0	chr16:6010734-6027118:.	ENSG00000078328	RBFOX1	protein_coding	+	RNA_SEQ	GeneMaskLFCScorer(requested_output=RNA_SEQ)	CL:0002547 total RNA-seq	.	total RNA-seq	CL:0002547	fibroblast of the aortic adventitia	primary_cell	adult		encode	paired	False	-0.99898887	RBFOX1_del3	deletion_3bp	input	0	chr16	6018925	TCCG	T	Cells & cell lines	display_only_pool	-0.014436722	0.01101017	-0.025446892	1	0	Primary non-brain cell	nonbrain_control	rbfox1_16kb	v0.20	pooled_cells_cell_lines	all_available_stages	False
CL:0002551 total RNA-seq||fibroblast of dermis||CL:0002551||encode	RBFOX1_del3|input|0	chr16:6010734-6027118:.	ENSG00000078328	RBFOX1	protein_coding	+	RNA_SEQ	GeneMaskLFCScorer(requested_output=RNA_SEQ)	CL:0002551 total RNA-seq	.	total RNA-seq	CL:0002551	fibroblast of dermis	primary_cell	adult		encode	paired	False	-0.9935001	RBFOX1_del3	deletion_3bp	input	0	chr16	6018925	TCCG	T	Cells & cell lines	display_only_pool	-0.006395817	0.014660358	-0.021056175	1	0	Primary non-brain cell	nonbrain_control	rbfox1_16kb	v0.20	pooled_cells_cell_lines	all_available_stages	False
CL:0002553 polyA plus RNA-seq||fibroblast of lung||CL:0002553||encode	RBFOX1_del3|input|0	chr16:6010734-6027118:.	ENSG00000078328	RBFOX1	protein_coding	+	RNA_SEQ	GeneMaskLFCScorer(requested_output=RNA_SEQ)	CL:0002553 polyA plus RNA-seq	.	polyA plus RNA-seq	CL:0002553	fibroblast of lung	primary_cell	adult		encode	paired	False	-0.9950395	RBFOX1_del3	deletion_3bp	input	0	chr16	6018925	TCCG	T	Cells & cell lines	display_only_pool	-0.007860184	0.0006775856000000001	-0.0085377696	1	0	Primary non-brain cell	nonbrain_control	rbfox1_16kb	v0.20	pooled_cells_cell_lines	all_available_stages	False
CL:0002553 total RNA-seq||fibroblast of lung||CL:0002553||encode	RBFOX1_del3|input|0	chr16:6010734-6027118:.	ENSG00000078328	RBFOX1	protein_coding	+	RNA_SEQ	GeneMaskLFCScorer(requested_output=RNA_SEQ)	CL:0002553 total RNA-seq	.	total RNA-seq	CL:0002553	fibroblast of lung	primary_cell	adult		encode	paired	False	-0.99958086	RBFOX1_del3	deletion_3bp	input	0	chr16	6018925	TCCG	T	Cells & cell lines	display_only_pool	-0.025864124	0.00460600865	-0.03047013265	1	0	Primary non-brain cell	nonbrain_control	rbfox1_16kb	v0.20	pooled_cells_cell_lines	all_available_stages	False
CL:0002558 total RNA-seq||fibroblast of villous mesenchyme||CL:0002558||encode	RBFOX1_del3|input|0	chr16:6010734-6027118:.	ENSG00000078328	RBFOX1	protein_coding	+	RNA_SEQ	GeneMaskLFCScorer(requested_output=RNA_SEQ)	CL:0002558 total RNA-seq	.	total RNA-seq	CL:0002558	fibroblast of villous mesenchyme	primary_cell	newborn		encode	paired	False	-0.9998719	RBFOX1_del3	deletion_3bp	input	0	chr16	6018925	TCCG	T	Cells & cell lines	display_only_pool	-0.058184147	0.0100755695	-0.0682597165	1	0	Primary non-brain cell	nonbrain_control	rbfox1_16kb	v0.20	pooled_cells_cell_lines	all_available_stages	False
CL:0002568 total RNA-seq||mesenchymal stem cell of Wharton's jelly||CL:0002568||encode	RBFOX1_del3|input|0	chr16:6010734-6027118:.	ENSG00000078328	RBFOX1	protein_coding	+	RNA_SEQ	GeneMaskLFCScorer(requested_output=RNA_SEQ)	CL:0002568 total RNA-seq	.	total RNA-seq	CL:0002568	mesenchymal stem cell of Wharton's jelly	primary_cell	newborn		encode	paired	False	-0.9997722	RBFOX1_del3	deletion_3bp	input	0	chr16	6018925	TCCG	T	Cells & cell lines	display_only_pool	-0.040740967	0.011429548500000001	-0.0521705155	1	0	Primary non-brain cell	nonbrain_control	rbfox1_16kb	v0.20	pooled_cells_cell_lines	all_available_stages	False
CL:0002570 total RNA-seq||mesenchymal stem cell of adipose||CL:0002570||encode	RBFOX1_del3|input|0	chr16:6010734-6027118:.	ENSG00000078328	RBFOX1	protein_coding	+	RNA_SEQ	GeneMaskLFCScorer(requested_output=RNA_SEQ)	CL:0002570 total RNA-seq	.	total RNA-seq	CL:0002570	mesenchymal stem cell of adipose	primary_cell	adult		encode	paired	False	0.5440255	RBFOX1_del3	deletion_3bp	input	0	chr16	6018925	TCCG	T	Cells & cell lines	display_only_pool	0.0004439354	0.0190570355	-0.0186131001	1	0	Primary non-brain cell	nonbrain_control	rbfox1_16kb	v0.20	pooled_cells_cell_lines	all_available_stages	False
CL:0002577 total RNA-seq||placental epithelial cell||CL:0002577||encode	RBFOX1_del3|input|0	chr16:6010734-6027118:.	ENSG00000078328	RBFOX1	protein_coding	+	RNA_SEQ	GeneMaskLFCScorer(requested_output=RNA_SEQ)	CL:0002577 total RNA-seq	.	total RNA-seq	CL:0002577	placental epithelial cell	primary_cell	newborn		encode	paired	False	-0.9992545	RBFOX1_del3	deletion_3bp	input	0	chr16	6018925	TCCG	T	Cells & cell lines	display_only_pool	-0.018997192	0.0106053355	-0.0296025275	1	0	Primary non-brain cell	nonbrain_control	rbfox1_16kb	v0.20	pooled_cells_cell_lines	all_available_stages	False
CL:0002583 total RNA-seq||subcutaneous preadipocyte||CL:0002583||encode	RBFOX1_del3|input|0	chr16:6010734-6027118:.	ENSG00000078328	RBFOX1	protein_coding	+	RNA_SEQ	GeneMaskLFCScorer(requested_output=RNA_SEQ)	CL:0002583 total RNA-seq	.	total RNA-seq	CL:0002583	subcutaneous preadipocyte	primary_cell	adult		encode	paired	False	-0.44169295	RBFOX1_del3	deletion_3bp	input	0	chr16	6018925	TCCG	T	Cells & cell lines	display_only_pool	-0.00020313263	0.0043687820500000005	-0.004571914680000001	1	0	Primary non-brain cell	nonbrain_control	rbfox1_16kb	v0.20	pooled_cells_cell_lines	all_available_stages	False
CL:0002584 total RNA-seq||renal cortical epithelial cell||CL:0002584||encode	RBFOX1_del3|input|0	chr16:6010734-6027118:.	ENSG00000078328	RBFOX1	protein_coding	+	RNA_SEQ	GeneMaskLFCScorer(requested_output=RNA_SEQ)	CL:0002584 total RNA-seq	.	total RNA-seq	CL:0002584	renal cortical epithelial cell	primary_cell	adult		encode	paired	False	-0.9997562	RBFOX1_del3	deletion_3bp	input	0	chr16	6018925	TCCG	T	Cells & cell lines	display_only_pool	-0.042407036	0.00305938715	-0.045466423150000004	1	0	Primary non-brain cell	nonbrain_control	rbfox1_16kb	v0.20	pooled_cells_cell_lines	all_available_stages	False
CL:0002591 total RNA-seq||smooth muscle cell of the pulmonary artery||CL:0002591||encode	RBFOX1_del3|input|0	chr16:6010734-6027118:.	ENSG00000078328	RBFOX1	protein_coding	+	RNA_SEQ	GeneMaskLFCScorer(requested_output=RNA_SEQ)	CL:0002591 total RNA-seq	.	total RNA-seq	CL:0002591	smooth muscle cell of the pulmonary artery	primary_cell	adult		encode	paired	False	-0.9998141	RBFOX1_del3	deletion_3bp	input	0	chr16	6018925	TCCG	T	Cells & cell lines	display_only_pool	-0.046890736	0.0071196555000000005	-0.054010391500000005	1	0	Primary non-brain cell	nonbrain_control	rbfox1_16kb	v0.20	pooled_cells_cell_lines	all_available_stages	False
CL:0002592 total RNA-seq||smooth muscle cell of the coronary artery||CL:0002592||encode	RBFOX1_del3|input|0	chr16:6010734-6027118:.	ENSG00000078328	RBFOX1	protein_coding	+	RNA_SEQ	GeneMaskLFCScorer(requested_output=RNA_SEQ)	CL:0002592 total RNA-seq	.	total RNA-seq	CL:0002592	smooth muscle cell of the coronary artery	primary_cell	adult		encode	paired	False	-0.99920225	RBFOX1_del3	deletion_3bp	input	0	chr16	6018925	TCCG	T	Cells & cell lines	display_only_pool	-0.01682663	0.0024173259500000002	-0.01924395595	1	0	Primary non-brain cell	nonbrain_control	rbfox1_16kb	v0.20	pooled_cells_cell_lines	all_available_stages	False
CL:0002594 total RNA-seq||smooth muscle cell of the umbilical artery||CL:0002594||encode	RBFOX1_del3|input|0	chr16:6010734-6027118:.	ENSG00000078328	RBFOX1	protein_coding	+	RNA_SEQ	GeneMaskLFCScorer(requested_output=RNA_SEQ)	CL:0002594 total RNA-seq	.	total RNA-seq	CL:0002594	smooth muscle cell of the umbilical artery	primary_cell	newborn		encode	paired	False	-0.9998077	RBFOX1_del3	deletion_3bp	input	0	chr16	6018925	TCCG	T	Cells & cell lines	display_only_pool	-0.04543209	0.008362531999999999	-0.053794622	1	0	Primary non-brain cell	nonbrain_control	rbfox1_16kb	v0.20	pooled_cells_cell_lines	all_available_stages	False
CL:0002597 total RNA-seq||smooth muscle cell of bladder||CL:0002597||encode	RBFOX1_del3|input|0	chr16:6010734-6027118:.	ENSG00000078328	RBFOX1	protein_coding	+	RNA_SEQ	GeneMaskLFCScorer(requested_output=RNA_SEQ)	CL:0002597 total RNA-seq	.	total RNA-seq	CL:0002597	smooth muscle cell of bladder	primary_cell	adult		encode	paired	False	-0.9994504	RBFOX1_del3	deletion_3bp	input	0	chr16	6018925	TCCG	T	Cells & cell lines	display_only_pool	-0.022038937	0.00677871705	-0.028817654050000002	1	0	Primary non-brain cell	nonbrain_control	rbfox1_16kb	v0.20	pooled_cells_cell_lines	all_available_stages	False
CL:0002598 total RNA-seq||bronchial smooth muscle cell||CL:0002598||encode	RBFOX1_del3|input|0	chr16:6010734-6027118:.	ENSG00000078328	RBFOX1	protein_coding	+	RNA_SEQ	GeneMaskLFCScorer(requested_output=RNA_SEQ)	CL:0002598 total RNA-seq	.	total RNA-seq	CL:0002598	bronchial smooth muscle cell	primary_cell	adult		encode	paired	False	0.775255	RBFOX1_del3	deletion_3bp	input	0	chr16	6018925	TCCG	T	Cells & cell lines	display_only_pool	0.0012249947	0.008549451999999999	-0.007324457299999999	1	0	Primary non-brain cell	nonbrain_control	rbfox1_16kb	v0.20	pooled_cells_cell_lines	all_available_stages	False
CL:0002600 total RNA-seq||smooth muscle cell of trachea||CL:0002600||encode	RBFOX1_del3|input|0	chr16:6010734-6027118:.	ENSG00000078328	RBFOX1	protein_coding	+	RNA_SEQ	GeneMaskLFCScorer(requested_output=RNA_SEQ)	CL:0002600 total RNA-seq	.	total RNA-seq	CL:0002600	smooth muscle cell of trachea	primary_cell	adult		encode	paired	False	-0.9974778	RBFOX1_del3	deletion_3bp	input	0	chr16	6018925	TCCG	T	Cells & cell lines	display_only_pool	-0.009063721	0.006779909000000001	-0.01584363	1	0	Primary non-brain cell	nonbrain_control	rbfox1_16kb	v0.20	pooled_cells_cell_lines	all_available_stages	False
CL:0002601 total RNA-seq||uterine smooth muscle cell||CL:0002601||encode	RBFOX1_del3|input|0	chr16:6010734-6027118:.	ENSG00000078328	RBFOX1	protein_coding	+	RNA_SEQ	GeneMaskLFCScorer(requested_output=RNA_SEQ)	CL:0002601 total RNA-seq	.	total RNA-seq	CL:0002601	uterine smooth muscle cell	primary_cell	adult		encode	paired	False	-0.99937063	RBFOX1_del3	deletion_3bp	input	0	chr16	6018925	TCCG	T	Cells & cell lines	display_only_pool	-0.019892693	0.0093400475	-0.0292327405	1	0	Primary non-brain cell	nonbrain_control	rbfox1_16kb	v0.20	pooled_cells_cell_lines	all_available_stages	False
CL:0002618 polyA plus RNA-seq||endothelial cell of umbilical vein||CL:0002618||encode	RBFOX1_del3|input|0	chr16:6010734-6027118:.	ENSG00000078328	RBFOX1	protein_coding	+	RNA_SEQ	GeneMaskLFCScorer(requested_output=RNA_SEQ)	CL:0002618 polyA plus RNA-seq	.	polyA plus RNA-seq	CL:0002618	endothelial cell of umbilical vein	primary_cell	newborn		encode	paired	False	-0.87126195	RBFOX1_del3	deletion_3bp	input	0	chr16	6018925	TCCG	T	Cells & cell lines	display_only_pool	-0.0021123886	0.000408887865	-0.002521276465	1	0	Primary non-brain cell	nonbrain_control	rbfox1_16kb	v0.20	pooled_cells_cell_lines	all_available_stages	False
CL:0002618 total RNA-seq||endothelial cell of umbilical vein||CL:0002618||encode	RBFOX1_del3|input|0	chr16:6010734-6027118:.	ENSG00000078328	RBFOX1	protein_coding	+	RNA_SEQ	GeneMaskLFCScorer(requested_output=RNA_SEQ)	CL:0002618 total RNA-seq	.	total RNA-seq	CL:0002618	endothelial cell of umbilical vein	primary_cell	newborn		encode	single	False	-0.9367681	RBFOX1_del3	deletion_3bp	input	0	chr16	6018925	TCCG	T	Cells & cell lines	display_only_pool	-0.002951622	0.0004286766	-0.0033802986	1	0	Primary non-brain cell	nonbrain_control	rbfox1_16kb	v0.20	pooled_cells_cell_lines	all_available_stages	False
CL:0010002 total RNA-seq||epithelial cell of umbilical artery||CL:0010002||encode	RBFOX1_del3|input|0	chr16:6010734-6027118:.	ENSG00000078328	RBFOX1	protein_coding	+	RNA_SEQ	GeneMaskLFCScorer(requested_output=RNA_SEQ)	CL:0010002 total RNA-seq	.	total RNA-seq	CL:0010002	epithelial cell of umbilical artery	primary_cell	newborn		encode	paired	False	-0.9662766	RBFOX1_del3	deletion_3bp	input	0	chr16	6018925	TCCG	T	Cells & cell lines	display_only_pool	-0.0038485527	0.00080156326	-0.00465011596	1	0	Primary non-brain cell	nonbrain_control	rbfox1_16kb	v0.20	pooled_cells_cell_lines	all_available_stages	False
CL:0010003 total RNA-seq||epithelial cell of alveolus of lung||CL:0010003||encode	RBFOX1_del3|input|0	chr16:6010734-6027118:.	ENSG00000078328	RBFOX1	protein_coding	+	RNA_SEQ	GeneMaskLFCScorer(requested_output=RNA_SEQ)	CL:0010003 total RNA-seq	.	total RNA-seq	CL:0010003	epithelial cell of alveolus of lung	primary_cell	unknown,embryonic		encode	paired	False	-0.9994864	RBFOX1_del3	deletion_3bp	input	0	chr16	6018925	TCCG	T	Cells & cell lines	display_only_pool	-0.02282238	0.0054957867	-0.0283181667	1	0	Primary non-brain cell	nonbrain_control	rbfox1_16kb	v0.20	pooled_cells_cell_lines	all_available_stages	False
CL:0011012 total RNA-seq||neural crest cell||CL:0011012||encode	RBFOX1_del3|input|0	chr16:6010734-6027118:.	ENSG00000078328	RBFOX1	protein_coding	+	RNA_SEQ	GeneMaskLFCScorer(requested_output=RNA_SEQ)	CL:0011012 total RNA-seq	.	total RNA-seq	CL:0011012	neural crest cell	in_vitro_differentiated_cells	embryonic		encode	single	False	-0.99922884	RBFOX1_del3	deletion_3bp	input	0	chr16	6018925	TCCG	T	Cells & cell lines	display_only_pool	-0.01746416	0.00406932825	-0.02153348825	1	0	Neural / glial cells	brain_primary	rbfox1_16kb	v0.20	pooled_cells_cell_lines	all_available_stages	False
CL:0011019 total RNA-seq||mesothelial cell of epicardium||CL:0011019||encode	RBFOX1_del3|input|0	chr16:6010734-6027118:.	ENSG00000078328	RBFOX1	protein_coding	+	RNA_SEQ	GeneMaskLFCScorer(requested_output=RNA_SEQ)	CL:0011019 total RNA-seq	.	total RNA-seq	CL:0011019	mesothelial cell of epicardium	in_vitro_differentiated_cells	embryonic		encode	single	False	-0.9998843	RBFOX1_del3	deletion_3bp	input	0	chr16	6018925	TCCG	T	Cells & cell lines	display_only_pool	-0.06438875	0.0170989035	-0.08148765349999999	1	0	In vitro non-neural	nonbrain_control	rbfox1_16kb	v0.20	pooled_cells_cell_lines	all_available_stages	False
CL:0011020 total RNA-seq||neural progenitor cell||CL:0011020||encode	RBFOX1_del3|input|0	chr16:6010734-6027118:.	ENSG00000078328	RBFOX1	protein_coding	+	RNA_SEQ	GeneMaskLFCScorer(requested_output=RNA_SEQ)	CL:0011020 total RNA-seq	.	total RNA-seq	CL:0011020	neural progenitor cell	in_vitro_differentiated_cells	embryonic		encode	paired	False	-0.99858135	RBFOX1_del3	deletion_3bp	input	0	chr16	6018925	TCCG	T	Cells & cell lines	display_only_pool	-0.012563229	0.0067722797	-0.0193355087	1	0	Developmental brain / neural progenitor	brain_primary	rbfox1_16kb	v0.20	pooled_cells_cell_lines	all_available_stages	False
CL:1000458 total RNA-seq||melanocyte of skin||CL:1000458||encode	RBFOX1_del3|input|0	chr16:6010734-6027118:.	ENSG00000078328	RBFOX1	protein_coding	+	RNA_SEQ	GeneMaskLFCScorer(requested_output=RNA_SEQ)	CL:1000458 total RNA-seq	.	total RNA-seq	CL:1000458	melanocyte of skin	primary_cell	adult		encode	paired	False	-0.99911696	RBFOX1_del3	deletion_3bp	input	0	chr16	6018925	TCCG	T	Cells & cell lines	display_only_pool	-0.01668787	0.0069332122	-0.0236210822	1	0	Primary non-brain cell	nonbrain_control	rbfox1_16kb	v0.20	pooled_cells_cell_lines	all_available_stages	False
CL:1001568 total RNA-seq||pulmonary artery endothelial cell||CL:1001568||encode	RBFOX1_del3|input|0	chr16:6010734-6027118:.	ENSG00000078328	RBFOX1	protein_coding	+	RNA_SEQ	GeneMaskLFCScorer(requested_output=RNA_SEQ)	CL:1001568 total RNA-seq	.	total RNA-seq	CL:1001568	pulmonary artery endothelial cell	primary_cell	adult		encode	paired	False	-0.9588311	RBFOX1_del3	deletion_3bp	input	0	chr16	6018925	TCCG	T	Cells & cell lines	display_only_pool	-0.003622532	0.000859737395	-0.004482269395	1	0	Primary non-brain cell	nonbrain_control	rbfox1_16kb	v0.20	pooled_cells_cell_lines	all_available_stages	False
CL:1001606 polyA plus RNA-seq||foreskin keratinocyte||CL:1001606||encode	RBFOX1_del3|input|0	chr16:6010734-6027118:.	ENSG00000078328	RBFOX1	protein_coding	+	RNA_SEQ	GeneMaskLFCScorer(requested_output=RNA_SEQ)	CL:1001606 polyA plus RNA-seq	.	polyA plus RNA-seq	CL:1001606	foreskin keratinocyte	primary_cell	newborn		encode	paired	False	0.8752832	RBFOX1_del3	deletion_3bp	input	0	chr16	6018925	TCCG	T	Cells & cell lines	display_only_pool	0.002219677	0.00614380835	-0.00392413135	1	0	Primary non-brain cell	nonbrain_control	rbfox1_16kb	v0.20	pooled_cells_cell_lines	all_available_stages	False
CL:1001606 total RNA-seq||foreskin keratinocyte||CL:1001606||encode	RBFOX1_del3|input|0	chr16:6010734-6027118:.	ENSG00000078328	RBFOX1	protein_coding	+	RNA_SEQ	GeneMaskLFCScorer(requested_output=RNA_SEQ)	CL:1001606 total RNA-seq	.	total RNA-seq	CL:1001606	foreskin keratinocyte	primary_cell	newborn		encode	paired	False	0.9863523	RBFOX1_del3	deletion_3bp	input	0	chr16	6018925	TCCG	T	Cells & cell lines	display_only_pool	0.005736828	0.010704279	-0.004967451	1	0	Primary non-brain cell	nonbrain_control	rbfox1_16kb	v0.20	pooled_cells_cell_lines	all_available_stages	False
CL:1001608 polyA plus RNA-seq||foreskin fibroblast||CL:1001608||encode	RBFOX1_del3|input|0	chr16:6010734-6027118:.	ENSG00000078328	RBFOX1	protein_coding	+	RNA_SEQ	GeneMaskLFCScorer(requested_output=RNA_SEQ)	CL:1001608 polyA plus RNA-seq	.	polyA plus RNA-seq	CL:1001608	foreskin fibroblast	primary_cell	newborn		encode	paired	False	-0.9766461	RBFOX1_del3	deletion_3bp	input	0	chr16	6018925	TCCG	T	Cells & cell lines	display_only_pool	-0.004588604	0.0007894039	-0.0053780079	1	0	Primary non-brain cell	nonbrain_control	rbfox1_16kb	v0.20	pooled_cells_cell_lines	all_available_stages	False
CL:2000001 polyA plus RNA-seq||peripheral blood mononuclear cell||CL:2000001||encode	RBFOX1_del3|input|0	chr16:6010734-6027118:.	ENSG00000078328	RBFOX1	protein_coding	+	RNA_SEQ	GeneMaskLFCScorer(requested_output=RNA_SEQ)	CL:2000001 polyA plus RNA-seq	.	polyA plus RNA-seq	CL:2000001	peripheral blood mononuclear cell	primary_cell	adult		encode	paired	False	-0.94809806	RBFOX1_del3	deletion_3bp	input	0	chr16	6018925	TCCG	T	Cells & cell lines	display_only_pool	-0.0044202805	-0.012852669	0.0084323885	1	0	Primary non-brain cell	nonbrain_control	rbfox1_16kb	v0.20	pooled_cells_cell_lines	all_available_stages	False
CL:2000007 total RNA-seq||articular chondrocyte of knee joint||CL:2000007||encode	RBFOX1_del3|input|0	chr16:6010734-6027118:.	ENSG00000078328	RBFOX1	protein_coding	+	RNA_SEQ	GeneMaskLFCScorer(requested_output=RNA_SEQ)	CL:2000007 total RNA-seq	.	total RNA-seq	CL:2000007	articular chondrocyte of knee joint	primary_cell	adult		encode	paired	False	-0.9994504	RBFOX1_del3	deletion_3bp	input	0	chr16	6018925	TCCG	T	Cells & cell lines	display_only_pool	-0.021845818	0.0038831233999999997	-0.0257289414	1	0	Primary non-brain cell	nonbrain_control	rbfox1_16kb	v0.20	pooled_cells_cell_lines	all_available_stages	False
CL:2000010 total RNA-seq||dermis blood vessel endothelial cell||CL:2000010||encode	RBFOX1_del3|input|0	chr16:6010734-6027118:.	ENSG00000078328	RBFOX1	protein_coding	+	RNA_SEQ	GeneMaskLFCScorer(requested_output=RNA_SEQ)	CL:2000010 total RNA-seq	.	total RNA-seq	CL:2000010	dermis blood vessel endothelial cell	primary_cell	child		encode	paired	False	-0.9741798	RBFOX1_del3	deletion_3bp	input	0	chr16	6018925	TCCG	T	Cells & cell lines	display_only_pool	-0.0043816566	0.000228881835	-0.0046105384349999995	1	0	Primary non-brain cell	nonbrain_control	rbfox1_16kb	v0.20	pooled_cells_cell_lines	all_available_stages	False
CL:2000011 total RNA-seq||dermis lymphatic vessel endothelial cell||CL:2000011||encode	RBFOX1_del3|input|0	chr16:6010734-6027118:.	ENSG00000078328	RBFOX1	protein_coding	+	RNA_SEQ	GeneMaskLFCScorer(requested_output=RNA_SEQ)	CL:2000011 total RNA-seq	.	total RNA-seq	CL:2000011	dermis lymphatic vessel endothelial cell	primary_cell	child,adult		encode	paired	False	-0.9939247	RBFOX1_del3	deletion_3bp	input	0	chr16	6018925	TCCG	T	Cells & cell lines	display_only_pool	-0.0070381165	0.000292778015	-0.007330894515	1	0	Primary non-brain cell	nonbrain_control	rbfox1_16kb	v0.20	pooled_cells_cell_lines	all_available_stages	False
CL:2000016 total RNA-seq||lung microvascular endothelial cell||CL:2000016||encode	RBFOX1_del3|input|0	chr16:6010734-6027118:.	ENSG00000078328	RBFOX1	protein_coding	+	RNA_SEQ	GeneMaskLFCScorer(requested_output=RNA_SEQ)	CL:2000016 total RNA-seq	.	total RNA-seq	CL:2000016	lung microvascular endothelial cell	primary_cell	adult		encode	paired	False	-0.9723945	RBFOX1_del3	deletion_3bp	input	0	chr16	6018925	TCCG	T	Cells & cell lines	display_only_pool	-0.0040106773	0.0002799034	-0.0042905807	1	0	Primary non-brain cell	nonbrain_control	rbfox1_16kb	v0.20	pooled_cells_cell_lines	all_available_stages	False
CL:2000018 total RNA-seq||endothelial cell of coronary artery||CL:2000018||encode	RBFOX1_del3|input|0	chr16:6010734-6027118:.	ENSG00000078328	RBFOX1	protein_coding	+	RNA_SEQ	GeneMaskLFCScorer(requested_output=RNA_SEQ)	CL:2000018 total RNA-seq	.	total RNA-seq	CL:2000018	endothelial cell of coronary artery	primary_cell	adult		encode	paired	False	-0.9662766	RBFOX1_del3	deletion_3bp	input	0	chr16	6018925	TCCG	T	Cells & cell lines	display_only_pool	-0.0038089752	0.00101447105	-0.00482344625	1	0	Primary non-brain cell	nonbrain_control	rbfox1_16kb	v0.20	pooled_cells_cell_lines	all_available_stages	False
CL:2000040 total RNA-seq||bladder microvascular endothelial cell||CL:2000040||encode	RBFOX1_del3|input|0	chr16:6010734-6027118:.	ENSG00000078328	RBFOX1	protein_coding	+	RNA_SEQ	GeneMaskLFCScorer(requested_output=RNA_SEQ)	CL:2000040 total RNA-seq	.	total RNA-seq	CL:2000040	bladder microvascular endothelial cell	primary_cell	adult		encode	paired	False	-0.94456005	RBFOX1_del3	deletion_3bp	input	0	chr16	6018925	TCCG	T	Cells & cell lines	display_only_pool	-0.0030903816	0.000436306	-0.0035266876	1	0	Primary non-brain cell	nonbrain_control	rbfox1_16kb	v0.20	pooled_cells_cell_lines	all_available_stages	False
CL:2000041 total RNA-seq||dermis microvascular lymphatic vessel endothelial cell||CL:2000041||encode	RBFOX1_del3|input|0	chr16:6010734-6027118:.	ENSG00000078328	RBFOX1	protein_coding	+	RNA_SEQ	GeneMaskLFCScorer(requested_output=RNA_SEQ)	CL:2000041 total RNA-seq	.	total RNA-seq	CL:2000041	dermis microvascular lymphatic vessel endothelial cell	primary_cell	adult		encode	paired	False	-0.99204075	RBFOX1_del3	deletion_3bp	input	0	chr16	6018925	TCCG	T	Cells & cell lines	display_only_pool	-0.0063552856	0.00050473215	-0.00686001775	1	0	Primary non-brain cell	nonbrain_control	rbfox1_16kb	v0.20	pooled_cells_cell_lines	all_available_stages	False
CL:2000045 polyA plus RNA-seq||foreskin melanocyte||CL:2000045||encode	RBFOX1_del3|input|0	chr16:6010734-6027118:.	ENSG00000078328	RBFOX1	protein_coding	+	RNA_SEQ	GeneMaskLFCScorer(requested_output=RNA_SEQ)	CL:2000045 polyA plus RNA-seq	.	polyA plus RNA-seq	CL:2000045	foreskin melanocyte	primary_cell	newborn		encode	paired	False	-0.99920225	RBFOX1_del3	deletion_3bp	input	0	chr16	6018925	TCCG	T	Cells & cell lines	display_only_pool	-0.019610405	0.0045554637999999995	-0.0241658688	1	0	Primary non-brain cell	nonbrain_control	rbfox1_16kb	v0.20	pooled_cells_cell_lines	all_available_stages	False
CL:2000066 total RNA-seq||cardiac ventricle fibroblast||CL:2000066||encode	RBFOX1_del3|input|0	chr16:6010734-6027118:.	ENSG00000078328	RBFOX1	protein_coding	+	RNA_SEQ	GeneMaskLFCScorer(requested_output=RNA_SEQ)	CL:2000066 total RNA-seq	.	total RNA-seq	CL:2000066	cardiac ventricle fibroblast	primary_cell	adult,unknown		encode	paired	False	-0.99837565	RBFOX1_del3	deletion_3bp	input	0	chr16	6018925	TCCG	T	Cells & cell lines	display_only_pool	-0.0109267235	0.00277113915	-0.01369786265	1	0	Primary non-brain cell	nonbrain_control	rbfox1_16kb	v0.20	pooled_cells_cell_lines	all_available_stages	False
CL:2000067 total RNA-seq||cardiac atrium fibroblast||CL:2000067||encode	RBFOX1_del3|input|0	chr16:6010734-6027118:.	ENSG00000078328	RBFOX1	protein_coding	+	RNA_SEQ	GeneMaskLFCScorer(requested_output=RNA_SEQ)	CL:2000067 total RNA-seq	.	total RNA-seq	CL:2000067	cardiac atrium fibroblast	primary_cell	child		encode	paired	False	-0.99914634	RBFOX1_del3	deletion_3bp	input	0	chr16	6018925	TCCG	T	Cells & cell lines	display_only_pool	-0.015590191	0.000673770915	-0.016263961915	1	0	Primary non-brain cell	nonbrain_control	rbfox1_16kb	v0.20	pooled_cells_cell_lines	all_available_stages	False
CL:2000068 total RNA-seq||pericardium fibroblast||CL:2000068||encode	RBFOX1_del3|input|0	chr16:6010734-6027118:.	ENSG00000078328	RBFOX1	protein_coding	+	RNA_SEQ	GeneMaskLFCScorer(requested_output=RNA_SEQ)	CL:2000068 total RNA-seq	.	total RNA-seq	CL:2000068	pericardium fibroblast	primary_cell	embryonic,unknown		encode	paired	False	-0.99958086	RBFOX1_del3	deletion_3bp	input	0	chr16	6018925	TCCG	T	Cells & cell lines	display_only_pool	-0.025529385	0.00131821635	-0.02684760135	1	0	Primary non-brain cell	nonbrain_control	rbfox1_16kb	v0.20	pooled_cells_cell_lines	all_available_stages	False
CL:2000071 total RNA-seq||mammary microvascular endothelial cell||CL:2000071||encode	RBFOX1_del3|input|0	chr16:6010734-6027118:.	ENSG00000078328	RBFOX1	protein_coding	+	RNA_SEQ	GeneMaskLFCScorer(requested_output=RNA_SEQ)	CL:2000071 total RNA-seq	.	total RNA-seq	CL:2000071	mammary microvascular endothelial cell	primary_cell	adult		encode	paired	False	-0.93881017	RBFOX1_del3	deletion_3bp	input	0	chr16	6018925	TCCG	T	Cells & cell lines	display_only_pool	-0.0030584335	0.000212192535	-0.003270626035	1	0	Primary non-brain cell	nonbrain_control	rbfox1_16kb	v0.20	pooled_cells_cell_lines	all_available_stages	False
CL:2000078 total RNA-seq||placental pericyte||CL:2000078||encode	RBFOX1_del3|input|0	chr16:6010734-6027118:.	ENSG00000078328	RBFOX1	protein_coding	+	RNA_SEQ	GeneMaskLFCScorer(requested_output=RNA_SEQ)	CL:2000078 total RNA-seq	.	total RNA-seq	CL:2000078	placental pericyte	primary_cell	newborn		encode	paired	False	-0.9995948	RBFOX1_del3	deletion_3bp	input	0	chr16	6018925	TCCG	T	Cells & cell lines	display_only_pool	-0.02999878	0.0054728984000000005	-0.0354716784	1	0	Primary non-brain cell	nonbrain_control	rbfox1_16kb	v0.20	pooled_cells_cell_lines	all_available_stages	False
CL:2000092 total RNA-seq||hair follicular keratinocyte||CL:2000092||encode	RBFOX1_del3|input|0	chr16:6010734-6027118:.	ENSG00000078328	RBFOX1	protein_coding	+	RNA_SEQ	GeneMaskLFCScorer(requested_output=RNA_SEQ)	CL:2000092 total RNA-seq	.	total RNA-seq	CL:2000092	hair follicular keratinocyte	primary_cell	adult		encode	paired	False	0.998202	RBFOX1_del3	deletion_3bp	input	0	chr16	6018925	TCCG	T	Cells & cell lines	display_only_pool	0.011371136	0.011343479	2.7657000000000376e-05	1	0	Primary non-brain cell	nonbrain_control	rbfox1_16kb	v0.20	pooled_cells_cell_lines	all_available_stages	False
CL:2000093 total RNA-seq||bronchus fibroblast of lung||CL:2000093||encode	RBFOX1_del3|input|0	chr16:6010734-6027118:.	ENSG00000078328	RBFOX1	protein_coding	+	RNA_SEQ	GeneMaskLFCScorer(requested_output=RNA_SEQ)	CL:2000093 total RNA-seq	.	total RNA-seq	CL:2000093	bronchus fibroblast of lung	primary_cell	unknown		encode	paired	False	-0.9976429	RBFOX1_del3	deletion_3bp	input	0	chr16	6018925	TCCG	T	Cells & cell lines	display_only_pool	-0.0094156265	0.00085759162	-0.01027321812	1	0	Primary non-brain cell	nonbrain_control	rbfox1_16kb	v0.20	pooled_cells_cell_lines	all_available_stages	False
CL:2000094 total RNA-seq||nasal cavity respiratory epithelium epithelial cell of viscerocranial mucosa||CL:2000094||encode	RBFOX1_del3|input|0	chr16:6010734-6027118:.	ENSG00000078328	RBFOX1	protein_coding	+	RNA_SEQ	GeneMaskLFCScorer(requested_output=RNA_SEQ)	CL:2000094 total RNA-seq	.	total RNA-seq	CL:2000094	nasal cavity respiratory epithelium epithelial cell of viscerocranial mucosa	primary_cell	adult		encode	paired	False	0.9991748	RBFOX1_del3	deletion_3bp	input	0	chr16	6018925	TCCG	T	Cells & cell lines	display_only_pool	0.015974998	0.008439302499999999	0.007535695500000002	1	0	Primary non-brain cell	nonbrain_control	rbfox1_16kb	v0.20	pooled_cells_cell_lines	all_available_stages	False
EFO:0001086 polyA plus RNA-seq||A549||EFO:0001086||encode	RBFOX1_del3|input|0	chr16:6010734-6027118:.	ENSG00000078328	RBFOX1	protein_coding	+	RNA_SEQ	GeneMaskLFCScorer(requested_output=RNA_SEQ)	EFO:0001086 polyA plus RNA-seq	.	polyA plus RNA-seq	EFO:0001086	A549	cell_line	adult		encode	paired	False	-0.98921835	RBFOX1_del3	deletion_3bp	input	0	chr16	6018925	TCCG	T	Cells & cell lines	display_only_pool	-0.0063610077	0.00616049765	-0.01252150535	1	0	Non-brain cell line	nonbrain_control	rbfox1_16kb	v0.20	pooled_cells_cell_lines	all_available_stages	False
EFO:0001099 total RNA-seq||Caco-2||EFO:0001099||encode	RBFOX1_del3|input|0	chr16:6010734-6027118:.	ENSG00000078328	RBFOX1	protein_coding	+	RNA_SEQ	GeneMaskLFCScorer(requested_output=RNA_SEQ)	EFO:0001099 total RNA-seq	.	total RNA-seq	EFO:0001099	Caco-2	cell_line	adult		encode	single	False	-0.99937063	RBFOX1_del3	deletion_3bp	input	0	chr16	6018925	TCCG	T	Cells & cell lines	display_only_pool	-0.023451328	0.00053691864	-0.023988246640000002	1	0	Non-brain cell line	nonbrain_control	rbfox1_16kb	v0.20	pooled_cells_cell_lines	all_available_stages	False
EFO:0001187 polyA plus RNA-seq||HepG2||EFO:0001187||encode	RBFOX1_del3|input|0	chr16:6010734-6027118:.	ENSG00000078328	RBFOX1	protein_coding	+	RNA_SEQ	GeneMaskLFCScorer(requested_output=RNA_SEQ)	EFO:0001187 polyA plus RNA-seq	.	polyA plus RNA-seq	EFO:0001187	HepG2	cell_line	child		encode	paired	False	-0.6619072	RBFOX1_del3	deletion_3bp	input	0	chr16	6018925	TCCG	T	Cells & cell lines	display_only_pool	-0.0009703636	-0.00012898445	-0.00084137915	1	0	Non-brain cell line	nonbrain_control	rbfox1_16kb	v0.20	pooled_cells_cell_lines	all_available_stages	False
EFO:0001187 total RNA-seq||HepG2||EFO:0001187||encode	RBFOX1_del3|input|0	chr16:6010734-6027118:.	ENSG00000078328	RBFOX1	protein_coding	+	RNA_SEQ	GeneMaskLFCScorer(requested_output=RNA_SEQ)	EFO:0001187 total RNA-seq	.	total RNA-seq	EFO:0001187	HepG2	cell_line	child		encode	paired	False	-0.6619072	RBFOX1_del3	deletion_3bp	input	0	chr16	6018925	TCCG	T	Cells & cell lines	display_only_pool	-0.0008907318	-6.008148e-05	-0.0008306503200000001	1	0	Non-brain cell line	nonbrain_control	rbfox1_16kb	v0.20	pooled_cells_cell_lines	all_available_stages	False
EFO:0001193 total RNA-seq||HT-29||EFO:0001193||encode	RBFOX1_del3|input|0	chr16:6010734-6027118:.	ENSG00000078328	RBFOX1	protein_coding	+	RNA_SEQ	GeneMaskLFCScorer(requested_output=RNA_SEQ)	EFO:0001193 total RNA-seq	.	total RNA-seq	EFO:0001193	HT-29	cell_line	adult		encode	paired	False	0.9917676	RBFOX1_del3	deletion_3bp	input	0	chr16	6018925	TCCG	T	Cells & cell lines	display_only_pool	0.0066571236	0.001090765	0.0055663586	1	0	Non-brain cell line	nonbrain_control	rbfox1_16kb	v0.20	pooled_cells_cell_lines	all_available_stages	False
EFO:0001196 polyA plus RNA-seq||IMR-90||EFO:0001196||encode	RBFOX1_del3|input|0	chr16:6010734-6027118:.	ENSG00000078328	RBFOX1	protein_coding	+	RNA_SEQ	GeneMaskLFCScorer(requested_output=RNA_SEQ)	EFO:0001196 polyA plus RNA-seq	.	polyA plus RNA-seq	EFO:0001196	IMR-90	cell_line	embryonic		encode	paired	False	-0.99962133	RBFOX1_del3	deletion_3bp	input	0	chr16	6018925	TCCG	T	Cells & cell lines	display_only_pool	-0.03213644	0.00474834435	-0.036884784350000005	1	0	Non-brain cell line	nonbrain_control	rbfox1_16kb	v0.20	pooled_cells_cell_lines	all_available_stages	False
EFO:0001196 total RNA-seq||IMR-90||EFO:0001196||encode	RBFOX1_del3|input|0	chr16:6010734-6027118:.	ENSG00000078328	RBFOX1	protein_coding	+	RNA_SEQ	GeneMaskLFCScorer(requested_output=RNA_SEQ)	EFO:0001196 total RNA-seq	.	total RNA-seq	EFO:0001196	IMR-90	cell_line	embryonic		encode	paired	False	-0.99962133	RBFOX1_del3	deletion_3bp	input	0	chr16	6018925	TCCG	T	Cells & cell lines	display_only_pool	-0.030416012	0.0045990944	-0.035015106399999996	1	0	Non-brain cell line	nonbrain_control	rbfox1_16kb	v0.20	pooled_cells_cell_lines	all_available_stages	False
EFO:0001200 total RNA-seq||MCF 10A||EFO:0001200||encode	RBFOX1_del3|input|0	chr16:6010734-6027118:.	ENSG00000078328	RBFOX1	protein_coding	+	RNA_SEQ	GeneMaskLFCScorer(requested_output=RNA_SEQ)	EFO:0001200 total RNA-seq	.	total RNA-seq	EFO:0001200	MCF 10A	cell_line	adult		encode	single	False	0.99911696	RBFOX1_del3	deletion_3bp	input	0	chr16	6018925	TCCG	T	Cells & cell lines	display_only_pool	0.016032696	0.009624243000000001	0.006408452999999998	1	0	Non-brain cell line	nonbrain_control	rbfox1_16kb	v0.20	pooled_cells_cell_lines	all_available_stages	False
EFO:0001203 polyA plus RNA-seq||MCF-7||EFO:0001203||encode	RBFOX1_del3|input|0	chr16:6010734-6027118:.	ENSG00000078328	RBFOX1	protein_coding	+	RNA_SEQ	GeneMaskLFCScorer(requested_output=RNA_SEQ)	EFO:0001203 polyA plus RNA-seq	.	polyA plus RNA-seq	EFO:0001203	MCF-7	cell_line	adult		encode	paired	False	-0.62210923	RBFOX1_del3	deletion_3bp	input	0	chr16	6018925	TCCG	T	Cells & cell lines	display_only_pool	-0.0008993149	0.0037107468	-0.0046100617	1	0	Non-brain cell line	nonbrain_control	rbfox1_16kb	v0.20	pooled_cells_cell_lines	all_available_stages	False
EFO:0001203 total RNA-seq||MCF-7||EFO:0001203||encode	RBFOX1_del3|input|0	chr16:6010734-6027118:.	ENSG00000078328	RBFOX1	protein_coding	+	RNA_SEQ	GeneMaskLFCScorer(requested_output=RNA_SEQ)	EFO:0001203 total RNA-seq	.	total RNA-seq	EFO:0001203	MCF-7	cell_line	adult		encode	single	False	0.99089086	RBFOX1_del3	deletion_3bp	input	0	chr16	6018925	TCCG	T	Cells & cell lines	display_only_pool	0.0060362816	0.015784740499999998	-0.009748458899999998	1	0	Non-brain cell line	nonbrain_control	rbfox1_16kb	v0.20	pooled_cells_cell_lines	all_available_stages	False
EFO:0002059 polyA plus RNA-seq||HT1080||EFO:0002059||encode	RBFOX1_del3|input|0	chr16:6010734-6027118:.	ENSG00000078328	RBFOX1	protein_coding	+	RNA_SEQ	GeneMaskLFCScorer(requested_output=RNA_SEQ)	EFO:0002059 polyA plus RNA-seq	.	polyA plus RNA-seq	EFO:0002059	HT1080	cell_line	adult		encode	paired	False	-0.99914634	RBFOX1_del3	deletion_3bp	input	0	chr16	6018925	TCCG	T	Cells & cell lines	display_only_pool	-0.020738602	0.00519680975	-0.025935411749999998	1	0	Non-brain cell line	nonbrain_control	rbfox1_16kb	v0.20	pooled_cells_cell_lines	all_available_stages	False
EFO:0002059 total RNA-seq||HT1080||EFO:0002059||encode	RBFOX1_del3|input|0	chr16:6010734-6027118:.	ENSG00000078328	RBFOX1	protein_coding	+	RNA_SEQ	GeneMaskLFCScorer(requested_output=RNA_SEQ)	EFO:0002059 total RNA-seq	.	total RNA-seq	EFO:0002059	HT1080	cell_line	adult		encode	paired	False	-0.99898887	RBFOX1_del3	deletion_3bp	input	0	chr16	6018925	TCCG	T	Cells & cell lines	display_only_pool	-0.01781416	0.014135360999999999	-0.031949520999999995	1	0	Non-brain cell line	nonbrain_control	rbfox1_16kb	v0.20	pooled_cells_cell_lines	all_available_stages	False
EFO:0002067 polyA plus RNA-seq||K562||EFO:0002067||encode	RBFOX1_del3|input|0	chr16:6010734-6027118:.	ENSG00000078328	RBFOX1	protein_coding	+	RNA_SEQ	GeneMaskLFCScorer(requested_output=RNA_SEQ)	EFO:0002067 polyA plus RNA-seq	.	polyA plus RNA-seq	EFO:0002067	K562	cell_line	adult		encode	paired	False	-0.5558421	RBFOX1_del3	deletion_3bp	input	0	chr16	6018925	TCCG	T	Cells & cell lines	display_only_pool	-0.0007791519	-0.00011873245	-0.00066041945	1	0	Non-brain cell line	nonbrain_control	rbfox1_16kb	v0.20	pooled_cells_cell_lines	all_available_stages	False
EFO:0002067 total RNA-seq||K562||EFO:0002067||encode	RBFOX1_del3|input|0	chr16:6010734-6027118:.	ENSG00000078328	RBFOX1	protein_coding	+	RNA_SEQ	GeneMaskLFCScorer(requested_output=RNA_SEQ)	EFO:0002067 total RNA-seq	.	total RNA-seq	EFO:0002067	K562	cell_line	adult		encode	paired	False	-0.6619072	RBFOX1_del3	deletion_3bp	input	0	chr16	6018925	TCCG	T	Cells & cell lines	display_only_pool	-0.0011610985	-0.000260829935	-0.0009002685649999999	1	0	Non-brain cell line	nonbrain_control	rbfox1_16kb	v0.20	pooled_cells_cell_lines	all_available_stages	False
EFO:0002074 total RNA-seq||PC-3||EFO:0002074||encode	RBFOX1_del3|input|0	chr16:6010734-6027118:.	ENSG00000078328	RBFOX1	protein_coding	+	RNA_SEQ	GeneMaskLFCScorer(requested_output=RNA_SEQ)	EFO:0002074 total RNA-seq	.	total RNA-seq	EFO:0002074	PC-3	cell_line	adult		encode	paired	False	0.998918	RBFOX1_del3	deletion_3bp	input	0	chr16	6018925	TCCG	T	Cells & cell lines	display_only_pool	0.01436758	0.022618294	-0.008250714000000001	1	0	Non-brain cell line	nonbrain_control	rbfox1_16kb	v0.20	pooled_cells_cell_lines	all_available_stages	False
EFO:0002101 total RNA-seq||A172||EFO:0002101||encode	RBFOX1_del3|input|0	chr16:6010734-6027118:.	ENSG00000078328	RBFOX1	protein_coding	+	RNA_SEQ	GeneMaskLFCScorer(requested_output=RNA_SEQ)	EFO:0002101 total RNA-seq	.	total RNA-seq	EFO:0002101	A172	cell_line	adult		encode	paired	False	-0.99956644	RBFOX1_del3	deletion_3bp	input	0	chr16	6018925	TCCG	T	Cells & cell lines	display_only_pool	-0.030790329	0.00374174115	-0.034532070150000004	1	0	Non-brain cell line	nonbrain_control	rbfox1_16kb	v0.20	pooled_cells_cell_lines	all_available_stages	False
EFO:0002103 total RNA-seq||A375||EFO:0002103||encode	RBFOX1_del3|input|0	chr16:6010734-6027118:.	ENSG00000078328	RBFOX1	protein_coding	+	RNA_SEQ	GeneMaskLFCScorer(requested_output=RNA_SEQ)	EFO:0002103 total RNA-seq	.	total RNA-seq	EFO:0002103	A375	cell_line	adult		encode	paired	False	-0.998482	RBFOX1_del3	deletion_3bp	input	0	chr16	6018925	TCCG	T	Cells & cell lines	display_only_pool	-0.014052391	0.0117595195	-0.0258119105	1	0	Non-brain cell line	nonbrain_control	rbfox1_16kb	v0.20	pooled_cells_cell_lines	all_available_stages	False
EFO:0002106 total RNA-seq||A673||EFO:0002106||encode	RBFOX1_del3|input|0	chr16:6010734-6027118:.	ENSG00000078328	RBFOX1	protein_coding	+	RNA_SEQ	GeneMaskLFCScorer(requested_output=RNA_SEQ)	EFO:0002106 total RNA-seq	.	total RNA-seq	EFO:0002106	A673	cell_line	child		encode	single	False	-0.9733019	RBFOX1_del3	deletion_3bp	input	0	chr16	6018925	TCCG	T	Cells & cell lines	display_only_pool	-0.0040478706	0.009164572	-0.013212442599999999	1	0	Non-brain cell line	nonbrain_control	rbfox1_16kb	v0.20	pooled_cells_cell_lines	all_available_stages	False
EFO:0002150 total RNA-seq||Caki2||EFO:0002150||encode	RBFOX1_del3|input|0	chr16:6010734-6027118:.	ENSG00000078328	RBFOX1	protein_coding	+	RNA_SEQ	GeneMaskLFCScorer(requested_output=RNA_SEQ)	EFO:0002150 total RNA-seq	.	total RNA-seq	EFO:0002150	Caki2	cell_line	adult		encode	paired	False	-0.99943143	RBFOX1_del3	deletion_3bp	input	0	chr16	6018925	TCCG	T	Cells & cell lines	display_only_pool	-0.024393559	0.009102105999999999	-0.033495664999999994	1	0	Non-brain cell line	nonbrain_control	rbfox1_16kb	v0.20	pooled_cells_cell_lines	all_available_stages	False
EFO:0002179 total RNA-seq||G401||EFO:0002179||encode	RBFOX1_del3|input|0	chr16:6010734-6027118:.	ENSG00000078328	RBFOX1	protein_coding	+	RNA_SEQ	GeneMaskLFCScorer(requested_output=RNA_SEQ)	EFO:0002179 total RNA-seq	.	total RNA-seq	EFO:0002179	G401	cell_line	child		encode	paired	False	-0.9995948	RBFOX1_del3	deletion_3bp	input	0	chr16	6018925	TCCG	T	Cells & cell lines	display_only_pool	-0.029723644	0.003985405	-0.033709049	1	0	Non-brain cell line	nonbrain_control	rbfox1_16kb	v0.20	pooled_cells_cell_lines	all_available_stages	False
EFO:0002184 total RNA-seq||H4||EFO:0002184||encode	RBFOX1_del3|input|0	chr16:6010734-6027118:.	ENSG00000078328	RBFOX1	protein_coding	+	RNA_SEQ	GeneMaskLFCScorer(requested_output=RNA_SEQ)	EFO:0002184 total RNA-seq	.	total RNA-seq	EFO:0002184	H4	cell_line	adult		encode	paired	False	-0.99922884	RBFOX1_del3	deletion_3bp	input	0	chr16	6018925	TCCG	T	Cells & cell lines	display_only_pool	-0.019569397	0.00213098525	-0.021700382249999997	1	0	Non-brain cell line	nonbrain_control	rbfox1_16kb	v0.20	pooled_cells_cell_lines	all_available_stages	False
EFO:0002234 total RNA-seq||MG63||EFO:0002234||encode	RBFOX1_del3|input|0	chr16:6010734-6027118:.	ENSG00000078328	RBFOX1	protein_coding	+	RNA_SEQ	GeneMaskLFCScorer(requested_output=RNA_SEQ)	EFO:0002234 total RNA-seq	.	total RNA-seq	EFO:0002234	MG63	cell_line	child		encode	paired	False	-0.9994504	RBFOX1_del3	deletion_3bp	input	0	chr16	6018925	TCCG	T	Cells & cell lines	display_only_pool	-0.02233982	0.002332449	-0.024672269	1	0	Non-brain cell line	nonbrain_control	rbfox1_16kb	v0.20	pooled_cells_cell_lines	all_available_stages	False
EFO:0002330 total RNA-seq||SJSA1||EFO:0002330||encode	RBFOX1_del3|input|0	chr16:6010734-6027118:.	ENSG00000078328	RBFOX1	protein_coding	+	RNA_SEQ	GeneMaskLFCScorer(requested_output=RNA_SEQ)	EFO:0002330 total RNA-seq	.	total RNA-seq	EFO:0002330	SJSA1	cell_line	adult		encode	paired	False	-0.9998203	RBFOX1_del3	deletion_3bp	input	0	chr16	6018925	TCCG	T	Cells & cell lines	display_only_pool	-0.050520897	0.00064277649	-0.05116367349	1	0	Non-brain cell line	nonbrain_control	rbfox1_16kb	v0.20	pooled_cells_cell_lines	all_available_stages	False
EFO:0002713 total RNA-seq||Panc1||EFO:0002713||encode	RBFOX1_del3|input|0	chr16:6010734-6027118:.	ENSG00000078328	RBFOX1	protein_coding	+	RNA_SEQ	GeneMaskLFCScorer(requested_output=RNA_SEQ)	EFO:0002713 total RNA-seq	.	total RNA-seq	EFO:0002713	Panc1	cell_line	adult		encode	single	False	-0.9662766	RBFOX1_del3	deletion_3bp	input	0	chr16	6018925	TCCG	T	Cells & cell lines	display_only_pool	-0.0037240982	0.0163302425	-0.020054340700000003	1	0	Non-brain cell line	nonbrain_control	rbfox1_16kb	v0.20	pooled_cells_cell_lines	all_available_stages	False
EFO:0002779 polyA plus RNA-seq||BJ||EFO:0002779||encode	RBFOX1_del3|input|0	chr16:6010734-6027118:.	ENSG00000078328	RBFOX1	protein_coding	+	RNA_SEQ	GeneMaskLFCScorer(requested_output=RNA_SEQ)	EFO:0002779 polyA plus RNA-seq	.	polyA plus RNA-seq	EFO:0002779	BJ	cell_line	newborn		encode	paired	False	-0.9993916	RBFOX1_del3	deletion_3bp	input	0	chr16	6018925	TCCG	T	Cells & cell lines	display_only_pool	-0.022680283	0.0030016899	-0.0256819729	1	0	Non-brain cell line	nonbrain_control	rbfox1_16kb	v0.20	pooled_cells_cell_lines	all_available_stages	False
EFO:0002784 polyA plus RNA-seq||GM12878||EFO:0002784||encode	RBFOX1_del3|input|0	chr16:6010734-6027118:.	ENSG00000078328	RBFOX1	protein_coding	+	RNA_SEQ	GeneMaskLFCScorer(requested_output=RNA_SEQ)	EFO:0002784 polyA plus RNA-seq	.	polyA plus RNA-seq	EFO:0002784	GM12878	cell_line	adult		encode	paired	False	-0.996215	RBFOX1_del3	deletion_3bp	input	0	chr16	6018925	TCCG	T	Cells & cell lines	display_only_pool	-0.010066986	-0.0088489055	-0.0012180804999999996	1	0	Non-brain cell line	nonbrain_control	rbfox1_16kb	v0.20	pooled_cells_cell_lines	all_available_stages	False
EFO:0002784 total RNA-seq||GM12878||EFO:0002784||encode	RBFOX1_del3|input|0	chr16:6010734-6027118:.	ENSG00000078328	RBFOX1	protein_coding	+	RNA_SEQ	GeneMaskLFCScorer(requested_output=RNA_SEQ)	EFO:0002784 total RNA-seq	.	total RNA-seq	EFO:0002784	GM12878	cell_line	adult		encode	paired	False	-0.99756175	RBFOX1_del3	deletion_3bp	input	0	chr16	6018925	TCCG	T	Cells & cell lines	display_only_pool	-0.011034012	-0.015428543	0.004394531	1	0	Non-brain cell line	nonbrain_control	rbfox1_16kb	v0.20	pooled_cells_cell_lines	all_available_stages	False
EFO:0002791 polyA plus RNA-seq||HeLa-S3||EFO:0002791||encode	RBFOX1_del3|input|0	chr16:6010734-6027118:.	ENSG00000078328	RBFOX1	protein_coding	+	RNA_SEQ	GeneMaskLFCScorer(requested_output=RNA_SEQ)	EFO:0002791 polyA plus RNA-seq	.	polyA plus RNA-seq	EFO:0002791	HeLa-S3	cell_line	adult		encode	paired	False	0.51973367	RBFOX1_del3	deletion_3bp	input	0	chr16	6018925	TCCG	T	Cells & cell lines	display_only_pool	0.00055503845	0.0014305114500000001	-0.0008754730000000001	1	0	Non-brain cell line	nonbrain_control	rbfox1_16kb	v0.20	pooled_cells_cell_lines	all_available_stages	False
EFO:0002819 total RNA-seq||Calu3||EFO:0002819||encode	RBFOX1_del3|input|0	chr16:6010734-6027118:.	ENSG00000078328	RBFOX1	protein_coding	+	RNA_SEQ	GeneMaskLFCScorer(requested_output=RNA_SEQ)	EFO:0002819 total RNA-seq	.	total RNA-seq	EFO:0002819	Calu3	cell_line	adult		encode	single	False	-0.93881017	RBFOX1_del3	deletion_3bp	input	0	chr16	6018925	TCCG	T	Cells & cell lines	display_only_pool	-0.0032129288	0.0069718361999999996	-0.010184765	1	0	Non-brain cell line	nonbrain_control	rbfox1_16kb	v0.20	pooled_cells_cell_lines	all_available_stages	False
EFO:0002824 total RNA-seq||HCT116||EFO:0002824||encode	RBFOX1_del3|input|0	chr16:6010734-6027118:.	ENSG00000078328	RBFOX1	protein_coding	+	RNA_SEQ	GeneMaskLFCScorer(requested_output=RNA_SEQ)	EFO:0002824 total RNA-seq	.	total RNA-seq	EFO:0002824	HCT116	cell_line	adult		encode	single	False	0.9976429	RBFOX1_del3	deletion_3bp	input	0	chr16	6018925	TCCG	T	Cells & cell lines	display_only_pool	0.009683132	0.00759935375	0.0020837782500000004	1	0	Non-brain cell line	nonbrain_control	rbfox1_16kb	v0.20	pooled_cells_cell_lines	all_available_stages	False
EFO:0002847 total RNA-seq||PC-9||EFO:0002847||encode	RBFOX1_del3|input|0	chr16:6010734-6027118:.	ENSG00000078328	RBFOX1	protein_coding	+	RNA_SEQ	GeneMaskLFCScorer(requested_output=RNA_SEQ)	EFO:0002847 total RNA-seq	.	total RNA-seq	EFO:0002847	PC-9	cell_line	unknown		encode	single	False	0.98921835	RBFOX1_del3	deletion_3bp	input	0	chr16	6018925	TCCG	T	Cells & cell lines	display_only_pool	0.006175041	0.012009381999999999	-0.005834340999999999	1	0	Non-brain cell line	nonbrain_control	rbfox1_16kb	v0.20	pooled_cells_cell_lines	all_available_stages	False
EFO:0003042 polyA plus RNA-seq||H1||EFO:0003042||encode	RBFOX1_del3|input|0	chr16:6010734-6027118:.	ENSG00000078328	RBFOX1	protein_coding	+	RNA_SEQ	GeneMaskLFCScorer(requested_output=RNA_SEQ)	EFO:0003042 polyA plus RNA-seq	.	polyA plus RNA-seq	EFO:0003042	H1	cell_line	embryonic		encode	paired	False	0.9917676	RBFOX1_del3	deletion_3bp	input	0	chr16	6018925	TCCG	T	Cells & cell lines	display_only_pool	0.007171154	0.020187616499999998	-0.0130164625	1	0	Non-brain cell line	nonbrain_control	rbfox1_16kb	v0.20	pooled_cells_cell_lines	all_available_stages	False
EFO:0003042 total RNA-seq||H1||EFO:0003042||encode	RBFOX1_del3|input|0	chr16:6010734-6027118:.	ENSG00000078328	RBFOX1	protein_coding	+	RNA_SEQ	GeneMaskLFCScorer(requested_output=RNA_SEQ)	EFO:0003042 total RNA-seq	.	total RNA-seq	EFO:0003042	H1	cell_line	embryonic		encode	single	False	0.98385334	RBFOX1_del3	deletion_3bp	input	0	chr16	6018925	TCCG	T	Cells & cell lines	display_only_pool	0.0055475235	0.0235412125	-0.017993689	1	0	Non-brain cell line	nonbrain_control	rbfox1_16kb	v0.20	pooled_cells_cell_lines	all_available_stages	False
EFO:0003044 polyA plus RNA-seq||NCI-H460||EFO:0003044||encode	RBFOX1_del3|input|0	chr16:6010734-6027118:.	ENSG00000078328	RBFOX1	protein_coding	+	RNA_SEQ	GeneMaskLFCScorer(requested_output=RNA_SEQ)	EFO:0003044 polyA plus RNA-seq	.	polyA plus RNA-seq	EFO:0003044	NCI-H460	cell_line	unknown		encode	paired	False	-0.9899212	RBFOX1_del3	deletion_3bp	input	0	chr16	6018925	TCCG	T	Cells & cell lines	display_only_pool	-0.007019043	0.007979393	-0.014998436	1	0	Non-brain cell line	nonbrain_control	rbfox1_16kb	v0.20	pooled_cells_cell_lines	all_available_stages	False
EFO:0003044 total RNA-seq||NCI-H460||EFO:0003044||encode	RBFOX1_del3|input|0	chr16:6010734-6027118:.	ENSG00000078328	RBFOX1	protein_coding	+	RNA_SEQ	GeneMaskLFCScorer(requested_output=RNA_SEQ)	EFO:0003044 total RNA-seq	.	total RNA-seq	EFO:0003044	NCI-H460	cell_line	unknown		encode	paired	False	-0.99551785	RBFOX1_del3	deletion_3bp	input	0	chr16	6018925	TCCG	T	Cells & cell lines	display_only_pool	-0.008076668	0.0109884735	-0.0190651415	1	0	Non-brain cell line	nonbrain_control	rbfox1_16kb	v0.20	pooled_cells_cell_lines	all_available_stages	False
EFO:0003045 total RNA-seq||H9||EFO:0003045||encode	RBFOX1_del3|input|0	chr16:6010734-6027118:.	ENSG00000078328	RBFOX1	protein_coding	+	RNA_SEQ	GeneMaskLFCScorer(requested_output=RNA_SEQ)	EFO:0003045 total RNA-seq	.	total RNA-seq	EFO:0003045	H9	cell_line	embryonic		encode	single	False	0.99711233	RBFOX1_del3	deletion_3bp	input	0	chr16	6018925	TCCG	T	Cells & cell lines	display_only_pool	0.009662628	0.0204017165	-0.0107390885	1	0	Non-brain cell line	nonbrain_control	rbfox1_16kb	v0.20	pooled_cells_cell_lines	all_available_stages	False
EFO:0003072 polyA plus RNA-seq||SK-N-SH||EFO:0003072||encode	RBFOX1_del3|input|0	chr16:6010734-6027118:.	ENSG00000078328	RBFOX1	protein_coding	+	RNA_SEQ	GeneMaskLFCScorer(requested_output=RNA_SEQ)	EFO:0003072 polyA plus RNA-seq	.	polyA plus RNA-seq	EFO:0003072	SK-N-SH	cell_line	child		encode	paired	False	-0.9994504	RBFOX1_del3	deletion_3bp	input	0	chr16	6018925	TCCG	T	Cells & cell lines	display_only_pool	-0.026871204	0.00891590125	-0.03578710525	1	0	Non-brain cell line	nonbrain_control	rbfox1_16kb	v0.20	pooled_cells_cell_lines	all_available_stages	False
EFO:0005697 total RNA-seq||M059J||EFO:0005697||encode	RBFOX1_del3|input|0	chr16:6010734-6027118:.	ENSG00000078328	RBFOX1	protein_coding	+	RNA_SEQ	GeneMaskLFCScorer(requested_output=RNA_SEQ)	EFO:0005697 total RNA-seq	.	total RNA-seq	EFO:0005697	M059J	cell_line	adult		encode	paired	False	-0.99956644	RBFOX1_del3	deletion_3bp	input	0	chr16	6018925	TCCG	T	Cells & cell lines	display_only_pool	-0.030840874	0.0044224262	-0.0352633002	1	0	Non-brain cell line	nonbrain_control	rbfox1_16kb	v0.20	pooled_cells_cell_lines	all_available_stages	False
EFO:0005698 total RNA-seq||Daoy||EFO:0005698||encode	RBFOX1_del3|input|0	chr16:6010734-6027118:.	ENSG00000078328	RBFOX1	protein_coding	+	RNA_SEQ	GeneMaskLFCScorer(requested_output=RNA_SEQ)	EFO:0005698 total RNA-seq	.	total RNA-seq	EFO:0005698	Daoy	cell_line	child		encode	paired	False	-0.9998141	RBFOX1_del3	deletion_3bp	input	0	chr16	6018925	TCCG	T	Cells & cell lines	display_only_pool	-0.05576992	0.0019536018	-0.057723521800000004	1	0	Non-brain cell line	nonbrain_control	rbfox1_16kb	v0.20	pooled_cells_cell_lines	all_available_stages	False
EFO:0005712 total RNA-seq||RPMI7951||EFO:0005712||encode	RBFOX1_del3|input|0	chr16:6010734-6027118:.	ENSG00000078328	RBFOX1	protein_coding	+	RNA_SEQ	GeneMaskLFCScorer(requested_output=RNA_SEQ)	EFO:0005712 total RNA-seq	.	total RNA-seq	EFO:0005712	RPMI7951	cell_line	adult		encode	paired	False	-0.99837565	RBFOX1_del3	deletion_3bp	input	0	chr16	6018925	TCCG	T	Cells & cell lines	display_only_pool	-0.012093544	0.00234651565	-0.01444005965	1	0	Non-brain cell line	nonbrain_control	rbfox1_16kb	v0.20	pooled_cells_cell_lines	all_available_stages	False
EFO:0005714 total RNA-seq||LHCN-M2||EFO:0005714||encode	RBFOX1_del3|input|0	chr16:6010734-6027118:.	ENSG00000078328	RBFOX1	protein_coding	+	RNA_SEQ	GeneMaskLFCScorer(requested_output=RNA_SEQ)	EFO:0005714 total RNA-seq	.	total RNA-seq	EFO:0005714	LHCN-M2	cell_line	adult		encode	paired	False	-0.99837565	RBFOX1_del3	deletion_3bp	input	0	chr16	6018925	TCCG	T	Cells & cell lines	display_only_pool	-0.012300968	0.00177955625	-0.01408052425	1	0	Non-brain cell line	nonbrain_control	rbfox1_16kb	v0.20	pooled_cells_cell_lines	all_available_stages	False
EFO:0005719 total RNA-seq||Karpas-422||EFO:0005719||encode	RBFOX1_del3|input|0	chr16:6010734-6027118:.	ENSG00000078328	RBFOX1	protein_coding	+	RNA_SEQ	GeneMaskLFCScorer(requested_output=RNA_SEQ)	EFO:0005719 total RNA-seq	.	total RNA-seq	EFO:0005719	Karpas-422	cell_line	adult		encode	paired	False	0.90346414	RBFOX1_del3	deletion_3bp	input	0	chr16	6018925	TCCG	T	Cells & cell lines	display_only_pool	0.0027484894	-0.0436937815	0.0464422709	1	0	Non-brain cell line	nonbrain_control	rbfox1_16kb	v0.20	pooled_cells_cell_lines	all_available_stages	False
EFO:0005720 polyA plus RNA-seq||SK-MEL-5||EFO:0005720||encode	RBFOX1_del3|input|0	chr16:6010734-6027118:.	ENSG00000078328	RBFOX1	protein_coding	+	RNA_SEQ	GeneMaskLFCScorer(requested_output=RNA_SEQ)	EFO:0005720 polyA plus RNA-seq	.	polyA plus RNA-seq	EFO:0005720	SK-MEL-5	cell_line	adult		encode	paired	False	-0.99911696	RBFOX1_del3	deletion_3bp	input	0	chr16	6018925	TCCG	T	Cells & cell lines	display_only_pool	-0.021379948	0.0072760582	-0.0286560062	1	0	Non-brain cell line	nonbrain_control	rbfox1_16kb	v0.20	pooled_cells_cell_lines	all_available_stages	False
EFO:0005720 total RNA-seq||SK-MEL-5||EFO:0005720||encode	RBFOX1_del3|input|0	chr16:6010734-6027118:.	ENSG00000078328	RBFOX1	protein_coding	+	RNA_SEQ	GeneMaskLFCScorer(requested_output=RNA_SEQ)	EFO:0005720 total RNA-seq	.	total RNA-seq	EFO:0005720	SK-MEL-5	cell_line	adult		encode	paired	False	-0.99831975	RBFOX1_del3	deletion_3bp	input	0	chr16	6018925	TCCG	T	Cells & cell lines	display_only_pool	-0.0134859085	0.00447821625	-0.017964124749999998	1	0	Non-brain cell line	nonbrain_control	rbfox1_16kb	v0.20	pooled_cells_cell_lines	all_available_stages	False
EFO:0005721 polyA plus RNA-seq||SK-N-DZ||EFO:0005721||encode	RBFOX1_del3|input|0	chr16:6010734-6027118:.	ENSG00000078328	RBFOX1	protein_coding	+	RNA_SEQ	GeneMaskLFCScorer(requested_output=RNA_SEQ)	EFO:0005721 polyA plus RNA-seq	.	polyA plus RNA-seq	EFO:0005721	SK-N-DZ	cell_line	child		encode	paired	False	0.88665366	RBFOX1_del3	deletion_3bp	input	0	chr16	6018925	TCCG	T	Cells & cell lines	display_only_pool	0.0025544167	0.025743245999999997	-0.023188829299999998	1	0	Non-brain cell line	nonbrain_control	rbfox1_16kb	v0.20	pooled_cells_cell_lines	all_available_stages	False
EFO:0005722 total RNA-seq||SJCRH30||EFO:0005722||encode	RBFOX1_del3|input|0	chr16:6010734-6027118:.	ENSG00000078328	RBFOX1	protein_coding	+	RNA_SEQ	GeneMaskLFCScorer(requested_output=RNA_SEQ)	EFO:0005722 total RNA-seq	.	total RNA-seq	EFO:0005722	SJCRH30	cell_line	child		encode	paired	False	-0.9977972	RBFOX1_del3	deletion_3bp	input	0	chr16	6018925	TCCG	T	Cells & cell lines	display_only_pool	-0.009918213	0.0020439625	-0.0119621755	1	0	Non-brain cell line	nonbrain_control	rbfox1_16kb	v0.20	pooled_cells_cell_lines	all_available_stages	False
EFO:0005723 total RNA-seq||GM23248||EFO:0005723||encode	RBFOX1_del3|input|0	chr16:6010734-6027118:.	ENSG00000078328	RBFOX1	protein_coding	+	RNA_SEQ	GeneMaskLFCScorer(requested_output=RNA_SEQ)	EFO:0005723 total RNA-seq	.	total RNA-seq	EFO:0005723	GM23248	cell_line	adult		encode	paired	False	-0.9997722	RBFOX1_del3	deletion_3bp	input	0	chr16	6018925	TCCG	T	Cells & cell lines	display_only_pool	-0.04149723	0.0033392906	-0.044836520600000006	1	0	Non-brain cell line	nonbrain_control	rbfox1_16kb	v0.20	pooled_cells_cell_lines	all_available_stages	False
EFO:0005904 total RNA-seq||H7||EFO:0005904||encode	RBFOX1_del3|input|0	chr16:6010734-6027118:.	ENSG00000078328	RBFOX1	protein_coding	+	RNA_SEQ	GeneMaskLFCScorer(requested_output=RNA_SEQ)	EFO:0005904 total RNA-seq	.	total RNA-seq	EFO:0005904	H7	cell_line	embryonic		encode	paired	False	-0.9741798	RBFOX1_del3	deletion_3bp	input	0	chr16	6018925	TCCG	T	Cells & cell lines	display_only_pool	-0.0047569275	0.0149075985	-0.019664526	1	0	Non-brain cell line	nonbrain_control	rbfox1_16kb	v0.20	pooled_cells_cell_lines	all_available_stages	False
EFO:0006270 polyA plus RNA-seq||AG04450||EFO:0006270||encode	RBFOX1_del3|input|0	chr16:6010734-6027118:.	ENSG00000078328	RBFOX1	protein_coding	+	RNA_SEQ	GeneMaskLFCScorer(requested_output=RNA_SEQ)	EFO:0006270 polyA plus RNA-seq	.	polyA plus RNA-seq	EFO:0006270	AG04450	cell_line	embryonic		encode	paired	False	-0.9973013	RBFOX1_del3	deletion_3bp	input	0	chr16	6018925	TCCG	T	Cells & cell lines	display_only_pool	-0.00985384	0.0018429756500000002	-0.011696815650000001	1	0	Non-brain cell line	nonbrain_control	rbfox1_16kb	v0.20	pooled_cells_cell_lines	all_available_stages	False
EFO:0006711 total RNA-seq||OCI-LY7||EFO:0006711||encode	RBFOX1_del3|input|0	chr16:6010734-6027118:.	ENSG00000078328	RBFOX1	protein_coding	+	RNA_SEQ	GeneMaskLFCScorer(requested_output=RNA_SEQ)	EFO:0006711 total RNA-seq	.	total RNA-seq	EFO:0006711	OCI-LY7	cell_line	adult		encode	paired	False	-0.9976429	RBFOX1_del3	deletion_3bp	input	0	chr16	6018925	TCCG	T	Cells & cell lines	display_only_pool	-0.011309624	-0.028984308	0.017674684	1	0	Non-brain cell line	nonbrain_control	rbfox1_16kb	v0.20	pooled_cells_cell_lines	all_available_stages	False
EFO:0007089 polyA plus RNA-seq||HUES64||EFO:0007089||encode	RBFOX1_del3|input|0	chr16:6010734-6027118:.	ENSG00000078328	RBFOX1	protein_coding	+	RNA_SEQ	GeneMaskLFCScorer(requested_output=RNA_SEQ)	EFO:0007089 polyA plus RNA-seq	.	polyA plus RNA-seq	EFO:0007089	HUES64	cell_line	embryonic		encode	paired	False	-0.99876106	RBFOX1_del3	deletion_3bp	input	0	chr16	6018925	TCCG	T	Cells & cell lines	display_only_pool	-0.016853333	0.008749008499999999	-0.0256023415	1	0	Non-brain cell line	nonbrain_control	rbfox1_16kb	v0.20	pooled_cells_cell_lines	all_available_stages	False
EFO:0007950 total RNA-seq||GM23338||EFO:0007950||encode	RBFOX1_del3|input|0	chr16:6010734-6027118:.	ENSG00000078328	RBFOX1	protein_coding	+	RNA_SEQ	GeneMaskLFCScorer(requested_output=RNA_SEQ)	EFO:0007950 total RNA-seq	.	total RNA-seq	EFO:0007950	GM23338	cell_line	adult		encode	paired	False	0.99953604	RBFOX1_del3	deletion_3bp	input	0	chr16	6018925	TCCG	T	Cells & cell lines	display_only_pool	0.02596426	0.0270025725	-0.0010383124999999993	1	0	Non-brain cell line	nonbrain_control	rbfox1_16kb	v0.20	pooled_cells_cell_lines	all_available_stages	False
EFO:0009318 total RNA-seq||HFFc6||EFO:0009318||encode	RBFOX1_del3|input|0	chr16:6010734-6027118:.	ENSG00000078328	RBFOX1	protein_coding	+	RNA_SEQ	GeneMaskLFCScorer(requested_output=RNA_SEQ)	EFO:0009318 total RNA-seq	.	total RNA-seq	EFO:0009318	HFFc6	cell_line	newborn		encode	single	False	-0.9996083	RBFOX1_del3	deletion_3bp	input	0	chr16	6018925	TCCG	T	Cells & cell lines	display_only_pool	-0.030348301	0.0029497146	-0.0332980156	1	0	Non-brain cell line	nonbrain_control	rbfox1_16kb	v0.20	pooled_cells_cell_lines	all_available_stages	False
EFO:0009747 total RNA-seq||WTC11||EFO:0009747||encode	RBFOX1_del3|input|0	chr16:6010734-6027118:.	ENSG00000078328	RBFOX1	protein_coding	+	RNA_SEQ	GeneMaskLFCScorer(requested_output=RNA_SEQ)	EFO:0009747 total RNA-seq	.	total RNA-seq	EFO:0009747	WTC11	cell_line	adult		encode	single	False	0.9984297	RBFOX1_del3	deletion_3bp	input	0	chr16	6018925	TCCG	T	Cells & cell lines	display_only_pool	0.012293339	0.0307900905	-0.0184967515	1	0	Non-brain cell line	nonbrain_control	rbfox1_16kb	v0.20	pooled_cells_cell_lines	all_available_stages	False
EFO:0030018 polyA plus RNA-seq||BLaER1||EFO:0030018||encode	RBFOX1_del3|input|0	chr16:6010734-6027118:.	ENSG00000078328	RBFOX1	protein_coding	+	RNA_SEQ	GeneMaskLFCScorer(requested_output=RNA_SEQ)	EFO:0030018 polyA plus RNA-seq	.	polyA plus RNA-seq	EFO:0030018	BLaER1	cell_line	unknown		encode	paired	False	-0.998918	RBFOX1_del3	deletion_3bp	input	0	chr16	6018925	TCCG	T	Cells & cell lines	display_only_pool	-0.017459393	-0.014490843	-0.0029685500000000004	1	0	Non-brain cell line	nonbrain_control	rbfox1_16kb	v0.20	pooled_cells_cell_lines	all_available_stages	False
NTR:0000427 polyA plus RNA-seq||neurosphere||NTR:0000427||encode	RBFOX1_del3|input|0	chr16:6010734-6027118:.	ENSG00000078328	RBFOX1	protein_coding	+	RNA_SEQ	GeneMaskLFCScorer(requested_output=RNA_SEQ)	NTR:0000427 polyA plus RNA-seq	.	polyA plus RNA-seq	NTR:0000427	neurosphere	primary_cell	embryonic		encode	paired	False	-0.9998534	RBFOX1_del3	deletion_3bp	input	0	chr16	6018925	TCCG	T	Cells & cell lines	display_only_pool	-0.057484627	0.00403308875	-0.06151771575000001	1	0	Developmental brain / neural progenitor	brain_primary	rbfox1_16kb	v0.20	pooled_cells_cell_lines	all_available_stages	False
NTR:0000491 total RNA-seq||Right ventricle myocardium inferior||NTR:0000491||encode	RBFOX1_del3|input|0	chr16:6010734-6027118:.	ENSG00000078328	RBFOX1	protein_coding	+	RNA_SEQ	GeneMaskLFCScorer(requested_output=RNA_SEQ)	NTR:0000491 total RNA-seq	.	total RNA-seq	NTR:0000491	Right ventricle myocardium inferior	tissue	adult		encode	single	False	-0.99998266	RBFOX1_del3	deletion_3bp	input	0	chr16	6018925	TCCG	T	Non-brain tissues	display_only_pool	-0.20733404	-0.00329613685	-0.20403790315	1	0	Non-brain tissue / other	nonbrain_control	rbfox1_16kb	v0.20	pooled_nonbrain_tissues	all_available_stages	False
NTR:0000492 total RNA-seq||Right ventricle myocardium superior||NTR:0000492||encode	RBFOX1_del3|input|0	chr16:6010734-6027118:.	ENSG00000078328	RBFOX1	protein_coding	+	RNA_SEQ	GeneMaskLFCScorer(requested_output=RNA_SEQ)	NTR:0000492 total RNA-seq	.	total RNA-seq	NTR:0000492	Right ventricle myocardium superior	tissue	adult		encode	single	False	-0.99998266	RBFOX1_del3	deletion_3bp	input	0	chr16	6018925	TCCG	T	Non-brain tissues	display_only_pool	-0.2071867	-0.0041489602	-0.2030377398	1	0	Non-brain tissue / other	nonbrain_control	rbfox1_16kb	v0.20	pooled_nonbrain_tissues	all_available_stages	False
NTR:0000493 total RNA-seq||left ventricle myocardium inferior||NTR:0000493||encode	RBFOX1_del3|input|0	chr16:6010734-6027118:.	ENSG00000078328	RBFOX1	protein_coding	+	RNA_SEQ	GeneMaskLFCScorer(requested_output=RNA_SEQ)	NTR:0000493 total RNA-seq	.	total RNA-seq	NTR:0000493	left ventricle myocardium inferior	tissue	adult		encode	single	False	-0.99998325	RBFOX1_del3	deletion_3bp	input	0	chr16	6018925	TCCG	T	Non-brain tissues	display_only_pool	-0.21209669	-0.00344872475	-0.20864796525	1	0	Non-brain tissue / other	nonbrain_control	rbfox1_16kb	v0.20	pooled_nonbrain_tissues	all_available_stages	False
NTR:0000494 total RNA-seq||left ventricle myocardium superior||NTR:0000494||encode	RBFOX1_del3|input|0	chr16:6010734-6027118:.	ENSG00000078328	RBFOX1	protein_coding	+	RNA_SEQ	GeneMaskLFCScorer(requested_output=RNA_SEQ)	NTR:0000494 total RNA-seq	.	total RNA-seq	NTR:0000494	left ventricle myocardium superior	tissue	adult		encode	single	False	-0.9999838	RBFOX1_del3	deletion_3bp	input	0	chr16	6018925	TCCG	T	Non-brain tissues	display_only_pool	-0.21282864	-0.00298380855	-0.20984483145000002	1	0	Non-brain tissue / other	nonbrain_control	rbfox1_16kb	v0.20	pooled_nonbrain_tissues	all_available_stages	False
NTR:0000856 polyA plus RNA-seq||mesendoderm||NTR:0000856||encode	RBFOX1_del3|input|0	chr16:6010734-6027118:.	ENSG00000078328	RBFOX1	protein_coding	+	RNA_SEQ	GeneMaskLFCScorer(requested_output=RNA_SEQ)	NTR:0000856 polyA plus RNA-seq	.	polyA plus RNA-seq	NTR:0000856	mesendoderm	in_vitro_differentiated_cells	embryonic		encode	paired	False	-0.99908656	RBFOX1_del3	deletion_3bp	input	0	chr16	6018925	TCCG	T	Cells & cell lines	display_only_pool	-0.019247532	0.005273819	-0.024521351	1	0	In vitro non-neural	nonbrain_control	rbfox1_16kb	v0.20	pooled_cells_cell_lines	all_available_stages	False
NTR:0003013 polyA plus RNA-seq||placental basal plate||NTR:0003013||encode	RBFOX1_del3|input|0	chr16:6010734-6027118:.	ENSG00000078328	RBFOX1	protein_coding	+	RNA_SEQ	GeneMaskLFCScorer(requested_output=RNA_SEQ)	NTR:0003013 polyA plus RNA-seq	.	polyA plus RNA-seq	NTR:0003013	placental basal plate	tissue	embryonic		encode	paired	False	-0.9996083	RBFOX1_del3	deletion_3bp	input	0	chr16	6018925	TCCG	T	Non-brain tissues	display_only_pool	-0.042622566	0.0037868023000000002	-0.0464093683	1	0	Non-brain tissue / other	nonbrain_control	rbfox1_16kb	v0.20	pooled_nonbrain_tissues	all_available_stages	False
UBERON:0000016 polyA plus RNA-seq||endocrine pancreas||UBERON:0000016||encode	RBFOX1_del3|input|0	chr16:6010734-6027118:.	ENSG00000078328	RBFOX1	protein_coding	+	RNA_SEQ	GeneMaskLFCScorer(requested_output=RNA_SEQ)	UBERON:0000016 polyA plus RNA-seq	.	polyA plus RNA-seq	UBERON:0000016	endocrine pancreas	tissue	adult		encode	paired	False	0.9994504	RBFOX1_del3	deletion_3bp	input	0	chr16	6018925	TCCG	T	Non-brain tissues	display_only_pool	0.023923874	0.011717081	0.012206793	1	0	Non-brain tissue / other	nonbrain_control	rbfox1_16kb	v0.20	pooled_nonbrain_tissues	all_available_stages	False
UBERON:0000019 total RNA-seq||camera-type eye||UBERON:0000019||encode	RBFOX1_del3|input|0	chr16:6010734-6027118:.	ENSG00000078328	RBFOX1	protein_coding	+	RNA_SEQ	GeneMaskLFCScorer(requested_output=RNA_SEQ)	UBERON:0000019 total RNA-seq	.	total RNA-seq	UBERON:0000019	camera-type eye	tissue	embryonic		encode	paired	False	0.9998483	RBFOX1_del3	deletion_3bp	input	0	chr16	6018925	TCCG	T	Non-brain tissues	display_only_pool	0.04477644	0.0014677048	0.043308735200000004	1	0	Non-brain tissue / other	nonbrain_control	rbfox1_16kb	v0.20	pooled_nonbrain_tissues	all_available_stages	False
UBERON:0000056 total RNA-seq||ureter||UBERON:0000056||encode	RBFOX1_del3|input|0	chr16:6010734-6027118:.	ENSG00000078328	RBFOX1	protein_coding	+	RNA_SEQ	GeneMaskLFCScorer(requested_output=RNA_SEQ)	UBERON:0000056 total RNA-seq	.	total RNA-seq	UBERON:0000056	ureter	tissue	adult		encode	single	False	-0.99958086	RBFOX1_del3	deletion_3bp	input	0	chr16	6018925	TCCG	T	Non-brain tissues	display_only_pool	-0.029216766	0.013120413000000001	-0.042337179	1	0	Non-brain tissue / other	nonbrain_control	rbfox1_16kb	v0.20	pooled_nonbrain_tissues	all_available_stages	False
UBERON:0000081 total RNA-seq||metanephros||UBERON:0000081||encode	RBFOX1_del3|input|0	chr16:6010734-6027118:.	ENSG00000078328	RBFOX1	protein_coding	+	RNA_SEQ	GeneMaskLFCScorer(requested_output=RNA_SEQ)	UBERON:0000081 total RNA-seq	.	total RNA-seq	UBERON:0000081	metanephros	tissue	embryonic		encode	paired	False	-0.9998762	RBFOX1_del3	deletion_3bp	input	0	chr16	6018925	TCCG	T	Non-brain tissues	display_only_pool	-0.062340736	0.00660872465	-0.06894946065	1	0	Non-brain tissue / other	nonbrain_control	rbfox1_16kb	v0.20	pooled_nonbrain_tissues	all_available_stages	False
UBERON:0000088 polyA plus RNA-seq||trophoblast||UBERON:0000088||encode	RBFOX1_del3|input|0	chr16:6010734-6027118:.	ENSG00000078328	RBFOX1	protein_coding	+	RNA_SEQ	GeneMaskLFCScorer(requested_output=RNA_SEQ)	UBERON:0000088 polyA plus RNA-seq	.	polyA plus RNA-seq	UBERON:0000088	trophoblast	tissue	embryonic		encode	paired	False	-0.99930334	RBFOX1_del3	deletion_3bp	input	0	chr16	6018925	TCCG	T	Non-brain tissues	display_only_pool	-0.025219917	-0.00181388855	-0.02340602845	1	0	Non-brain tissue / other	nonbrain_control	rbfox1_16kb	v0.20	pooled_nonbrain_tissues	all_available_stages	False
UBERON:0000305 polyA plus RNA-seq||amnion||UBERON:0000305||encode	RBFOX1_del3|input|0	chr16:6010734-6027118:.	ENSG00000078328	RBFOX1	protein_coding	+	RNA_SEQ	GeneMaskLFCScorer(requested_output=RNA_SEQ)	UBERON:0000305 polyA plus RNA-seq	.	polyA plus RNA-seq	UBERON:0000305	amnion	tissue	embryonic		encode	paired	False	-0.9996083	RBFOX1_del3	deletion_3bp	input	0	chr16	6018925	TCCG	T	Non-brain tissues	display_only_pool	-0.0355258	0.00364089015	-0.03916669015	1	0	Non-brain tissue / other	nonbrain_control	rbfox1_16kb	v0.20	pooled_nonbrain_tissues	all_available_stages	False
UBERON:0000317 total RNA-seq||colonic mucosa||UBERON:0000317||encode	RBFOX1_del3|input|0	chr16:6010734-6027118:.	ENSG00000078328	RBFOX1	protein_coding	+	RNA_SEQ	GeneMaskLFCScorer(requested_output=RNA_SEQ)	UBERON:0000317 total RNA-seq	.	total RNA-seq	UBERON:0000317	colonic mucosa	tissue	adult		encode	single	False	-0.9943216	RBFOX1_del3	deletion_3bp	input	0	chr16	6018925	TCCG	T	Non-brain tissues	display_only_pool	-0.008655548	-7.605552800000001e-05	-0.008579492472000001	1	0	Non-brain tissue / other	nonbrain_control	rbfox1_16kb	v0.20	pooled_nonbrain_tissues	all_available_stages	False
UBERON:0000473 polyA plus RNA-seq||testis||UBERON:0000473||encode	RBFOX1_del3|input|0	chr16:6010734-6027118:.	ENSG00000078328	RBFOX1	protein_coding	+	RNA_SEQ	GeneMaskLFCScorer(requested_output=RNA_SEQ)	UBERON:0000473 polyA plus RNA-seq	.	polyA plus RNA-seq	UBERON:0000473	testis	tissue	adult		encode	paired	False	0.6619072	RBFOX1_del3	deletion_3bp	input	0	chr16	6018925	TCCG	T	Non-brain tissues	display_only_pool	0.0014953613	0.0076675415	-0.006172180199999999	1	0	Non-brain tissue / other	nonbrain_control	rbfox1_16kb	v0.20	pooled_nonbrain_tissues	all_available_stages	False
UBERON:0000473 total RNA-seq||testis||UBERON:0000473||encode	RBFOX1_del3|input|0	chr16:6010734-6027118:.	ENSG00000078328	RBFOX1	protein_coding	+	RNA_SEQ	GeneMaskLFCScorer(requested_output=RNA_SEQ)	UBERON:0000473 total RNA-seq	.	total RNA-seq	UBERON:0000473	testis	tissue	adult		encode	paired	False	0.9992545	RBFOX1_del3	deletion_3bp	input	0	chr16	6018925	TCCG	T	Non-brain tissues	display_only_pool	0.019369125	0.018579006	0.0007901190000000023	1	0	Non-brain tissue / other	nonbrain_control	rbfox1_16kb	v0.20	pooled_nonbrain_tissues	all_available_stages	False
UBERON:0000945 polyA plus RNA-seq||stomach||UBERON:0000945||encode	RBFOX1_del3|input|0	chr16:6010734-6027118:.	ENSG00000078328	RBFOX1	protein_coding	+	RNA_SEQ	GeneMaskLFCScorer(requested_output=RNA_SEQ)	UBERON:0000945 polyA plus RNA-seq	.	polyA plus RNA-seq	UBERON:0000945	stomach	tissue	adult		encode	paired	False	-0.9988023	RBFOX1_del3	deletion_3bp	input	0	chr16	6018925	TCCG	T	Non-brain tissues	display_only_pool	-0.0160985	0.0018222332	-0.0179207332	1	0	Non-brain tissue / other	nonbrain_control	rbfox1_16kb	v0.20	pooled_nonbrain_tissues	all_available_stages	False
UBERON:0000945 total RNA-seq||stomach||UBERON:0000945||encode	RBFOX1_del3|input|0	chr16:6010734-6027118:.	ENSG00000078328	RBFOX1	protein_coding	+	RNA_SEQ	GeneMaskLFCScorer(requested_output=RNA_SEQ)	UBERON:0000945 total RNA-seq	.	total RNA-seq	UBERON:0000945	stomach	tissue	adult		encode	paired	False	-0.99930334	RBFOX1_del3	deletion_3bp	input	0	chr16	6018925	TCCG	T	Non-brain tissues	display_only_pool	-0.019870758	-0.0007226467	-0.0191481113	1	0	Non-brain tissue / other	nonbrain_control	rbfox1_16kb	v0.20	pooled_nonbrain_tissues	all_available_stages	False
UBERON:0000947 polyA plus RNA-seq||aorta||UBERON:0000947||encode	RBFOX1_del3|input|0	chr16:6010734-6027118:.	ENSG00000078328	RBFOX1	protein_coding	+	RNA_SEQ	GeneMaskLFCScorer(requested_output=RNA_SEQ)	UBERON:0000947 polyA plus RNA-seq	.	polyA plus RNA-seq	UBERON:0000947	aorta	tissue	adult		encode	paired	False	-0.99991757	RBFOX1_del3	deletion_3bp	input	0	chr16	6018925	TCCG	T	Non-brain tissues	display_only_pool	-0.091376305	0.00014925003	-0.09152555503000001	1	0	Non-brain tissue / other	nonbrain_control	rbfox1_16kb	v0.20	pooled_nonbrain_tissues	all_available_stages	False
UBERON:0000947 total RNA-seq||aorta||UBERON:0000947||encode	RBFOX1_del3|input|0	chr16:6010734-6027118:.	ENSG00000078328	RBFOX1	protein_coding	+	RNA_SEQ	GeneMaskLFCScorer(requested_output=RNA_SEQ)	UBERON:0000947 total RNA-seq	.	total RNA-seq	UBERON:0000947	aorta	tissue	adult		encode	single	False	-0.99997944	RBFOX1_del3	deletion_3bp	input	0	chr16	6018925	TCCG	T	Non-brain tissues	display_only_pool	-0.16632128	0.0077483654	-0.1740696454	1	0	Non-brain tissue / other	nonbrain_control	rbfox1_16kb	v0.20	pooled_nonbrain_tissues	all_available_stages	False
UBERON:0000948 polyA plus RNA-seq||heart||UBERON:0000948||encode	RBFOX1_del3|input|0	chr16:6010734-6027118:.	ENSG00000078328	RBFOX1	protein_coding	+	RNA_SEQ	GeneMaskLFCScorer(requested_output=RNA_SEQ)	UBERON:0000948 polyA plus RNA-seq	.	polyA plus RNA-seq	UBERON:0000948	heart	tissue	adult		encode	paired	False	-0.99982625	RBFOX1_del3	deletion_3bp	input	0	chr16	6018925	TCCG	T	Non-brain tissues	display_only_pool	-0.06646967	0.0007119178700000001	-0.06718158786999999	1	0	Non-brain tissue / other	nonbrain_control	rbfox1_16kb	v0.20	pooled_nonbrain_tissues	all_available_stages	False
UBERON:0000948 total RNA-seq||heart||UBERON:0000948||encode	RBFOX1_del3|input|0	chr16:6010734-6027118:.	ENSG00000078328	RBFOX1	protein_coding	+	RNA_SEQ	GeneMaskLFCScorer(requested_output=RNA_SEQ)	UBERON:0000948 total RNA-seq	.	total RNA-seq	UBERON:0000948	heart	tissue	adult		encode	paired	False	-0.99998015	RBFOX1_del3	deletion_3bp	input	0	chr16	6018925	TCCG	T	Non-brain tissues	display_only_pool	-0.17530012	-0.00457692145	-0.17072319855	1	0	Non-brain tissue / other	nonbrain_control	rbfox1_16kb	v0.20	pooled_nonbrain_tissues	all_available_stages	False
UBERON:0000955 polyA plus RNA-seq||brain||UBERON:0000955||encode	RBFOX1_del3|input|0	chr16:6010734-6027118:.	ENSG00000078328	RBFOX1	protein_coding	+	RNA_SEQ	GeneMaskLFCScorer(requested_output=RNA_SEQ)	UBERON:0000955 polyA plus RNA-seq	.	polyA plus RNA-seq	UBERON:0000955	brain	tissue	adult		encode	paired	False	-0.9795758	RBFOX1_del3	deletion_3bp	input	0	chr16	6018925	TCCG	T	Whole brain	brain9_primary	-0.0055561066	-0.0039589405	-0.0015971661000000002	1	0	Whole brain	brain_primary	rbfox1_16kb	v0.20	adult__brain__brain_region_unspecified	adult	True
UBERON:0000992 polyA plus RNA-seq||ovary||UBERON:0000992||encode	RBFOX1_del3|input|0	chr16:6010734-6027118:.	ENSG00000078328	RBFOX1	protein_coding	+	RNA_SEQ	GeneMaskLFCScorer(requested_output=RNA_SEQ)	UBERON:0000992 polyA plus RNA-seq	.	polyA plus RNA-seq	UBERON:0000992	ovary	tissue	adult		encode	paired	False	-0.9994504	RBFOX1_del3	deletion_3bp	input	0	chr16	6018925	TCCG	T	Non-brain tissues	display_only_pool	-0.027343273	0.011281967	-0.038625240000000005	1	0	Non-brain tissue / other	nonbrain_control	rbfox1_16kb	v0.20	pooled_nonbrain_tissues	all_available_stages	False
UBERON:0000992 total RNA-seq||ovary||UBERON:0000992||encode	RBFOX1_del3|input|0	chr16:6010734-6027118:.	ENSG00000078328	RBFOX1	protein_coding	+	RNA_SEQ	GeneMaskLFCScorer(requested_output=RNA_SEQ)	UBERON:0000992 total RNA-seq	.	total RNA-seq	UBERON:0000992	ovary	tissue	adult		encode	paired	False	-0.99595016	RBFOX1_del3	deletion_3bp	input	0	chr16	6018925	TCCG	T	Non-brain tissues	display_only_pool	-0.008096695	0.015441417499999999	-0.0235381125	1	0	Non-brain tissue / other	nonbrain_control	rbfox1_16kb	v0.20	pooled_nonbrain_tissues	all_available_stages	False
UBERON:0000995 total RNA-seq||uterus||UBERON:0000995||encode	RBFOX1_del3|input|0	chr16:6010734-6027118:.	ENSG00000078328	RBFOX1	protein_coding	+	RNA_SEQ	GeneMaskLFCScorer(requested_output=RNA_SEQ)	UBERON:0000995 total RNA-seq	.	total RNA-seq	UBERON:0000995	uterus	tissue	adult		encode	paired	False	-0.9999118	RBFOX1_del3	deletion_3bp	input	0	chr16	6018925	TCCG	T	Non-brain tissues	display_only_pool	-0.070717335	0.0098233225	-0.0805406575	1	0	Non-brain tissue / other	nonbrain_control	rbfox1_16kb	v0.20	pooled_nonbrain_tissues	all_available_stages	False
UBERON:0000996 total RNA-seq||vagina||UBERON:0000996||encode	RBFOX1_del3|input|0	chr16:6010734-6027118:.	ENSG00000078328	RBFOX1	protein_coding	+	RNA_SEQ	GeneMaskLFCScorer(requested_output=RNA_SEQ)	UBERON:0000996 total RNA-seq	.	total RNA-seq	UBERON:0000996	vagina	tissue	adult		encode	paired	False	0.9998762	RBFOX1_del3	deletion_3bp	input	0	chr16	6018925	TCCG	T	Non-brain tissues	display_only_pool	0.058057785	0.023636340999999998	0.034421444	1	0	Non-brain tissue / other	nonbrain_control	rbfox1_16kb	v0.20	pooled_nonbrain_tissues	all_available_stages	False
UBERON:0001013 polyA plus RNA-seq||adipose tissue||UBERON:0001013||encode	RBFOX1_del3|input|0	chr16:6010734-6027118:.	ENSG00000078328	RBFOX1	protein_coding	+	RNA_SEQ	GeneMaskLFCScorer(requested_output=RNA_SEQ)	UBERON:0001013 polyA plus RNA-seq	.	polyA plus RNA-seq	UBERON:0001013	adipose tissue	tissue	adult		encode	paired	False	-0.9992793	RBFOX1_del3	deletion_3bp	input	0	chr16	6018925	TCCG	T	Non-brain tissues	display_only_pool	-0.021889687	0.00123929975	-0.02312898675	1	0	Non-brain tissue / other	nonbrain_control	rbfox1_16kb	v0.20	pooled_nonbrain_tissues	all_available_stages	False
UBERON:0001043 polyA plus RNA-seq||esophagus||UBERON:0001043||encode	RBFOX1_del3|input|0	chr16:6010734-6027118:.	ENSG00000078328	RBFOX1	protein_coding	+	RNA_SEQ	GeneMaskLFCScorer(requested_output=RNA_SEQ)	UBERON:0001043 polyA plus RNA-seq	.	polyA plus RNA-seq	UBERON:0001043	esophagus	tissue	adult		encode	paired	False	-0.93466026	RBFOX1_del3	deletion_3bp	input	0	chr16	6018925	TCCG	T	Non-brain tissues	display_only_pool	-0.0033044815	0.00728344925	-0.01058793075	1	0	Non-brain tissue / other	nonbrain_control	rbfox1_16kb	v0.20	pooled_nonbrain_tissues	all_available_stages	False
UBERON:0001072 total RNA-seq||posterior vena cava||UBERON:0001072||encode	RBFOX1_del3|input|0	chr16:6010734-6027118:.	ENSG00000078328	RBFOX1	protein_coding	+	RNA_SEQ	GeneMaskLFCScorer(requested_output=RNA_SEQ)	UBERON:0001072 total RNA-seq	.	total RNA-seq	UBERON:0001072	posterior vena cava	tissue	adult		encode	single	False	-0.99996465	RBFOX1_del3	deletion_3bp	input	0	chr16	6018925	TCCG	T	Non-brain tissues	display_only_pool	-0.12614155	0.015089035	-0.141230585	1	0	Non-brain tissue / other	nonbrain_control	rbfox1_16kb	v0.20	pooled_nonbrain_tissues	all_available_stages	False
UBERON:0001114 total RNA-seq||right lobe of liver||UBERON:0001114||encode	RBFOX1_del3|input|0	chr16:6010734-6027118:.	ENSG00000078328	RBFOX1	protein_coding	+	RNA_SEQ	GeneMaskLFCScorer(requested_output=RNA_SEQ)	UBERON:0001114 total RNA-seq	.	total RNA-seq	UBERON:0001114	right lobe of liver	tissue	adult		encode	paired	False	-0.99956644	RBFOX1_del3	deletion_3bp	input	0	chr16	6018925	TCCG	T	Non-brain tissues	display_only_pool	-0.032191753	-0.0051307678500000006	-0.027060985149999994	1	0	Non-brain tissue / other	nonbrain_control	rbfox1_16kb	v0.20	pooled_nonbrain_tissues	all_available_stages	False
UBERON:0001115 total RNA-seq||left lobe of liver||UBERON:0001115||encode	RBFOX1_del3|input|0	chr16:6010734-6027118:.	ENSG00000078328	RBFOX1	protein_coding	+	RNA_SEQ	GeneMaskLFCScorer(requested_output=RNA_SEQ)	UBERON:0001115 total RNA-seq	.	total RNA-seq	UBERON:0001115	left lobe of liver	tissue	adult		encode	single	False	-0.99937063	RBFOX1_del3	deletion_3bp	input	0	chr16	6018925	TCCG	T	Non-brain tissues	display_only_pool	-0.025885105	-0.00369906425	-0.022186040749999997	1	0	Non-brain tissue / other	nonbrain_control	rbfox1_16kb	v0.20	pooled_nonbrain_tissues	all_available_stages	False
UBERON:0001134 total RNA-seq||skeletal muscle tissue||UBERON:0001134||encode	RBFOX1_del3|input|0	chr16:6010734-6027118:.	ENSG00000078328	RBFOX1	protein_coding	+	RNA_SEQ	GeneMaskLFCScorer(requested_output=RNA_SEQ)	UBERON:0001134 total RNA-seq	.	total RNA-seq	UBERON:0001134	skeletal muscle tissue	tissue	embryonic		encode	paired	False	-0.9992545	RBFOX1_del3	deletion_3bp	input	0	chr16	6018925	TCCG	T	Non-brain tissues	display_only_pool	-0.016778946	-0.00034737587	-0.01643157013	1	0	Non-brain tissue / other	nonbrain_control	rbfox1_16kb	v0.20	pooled_nonbrain_tissues	all_available_stages	False
UBERON:0001150 total RNA-seq||body of pancreas||UBERON:0001150||encode	RBFOX1_del3|input|0	chr16:6010734-6027118:.	ENSG00000078328	RBFOX1	protein_coding	+	RNA_SEQ	GeneMaskLFCScorer(requested_output=RNA_SEQ)	UBERON:0001150 total RNA-seq	.	total RNA-seq	UBERON:0001150	body of pancreas	tissue	adult		encode	paired	False	0.9988023	RBFOX1_del3	deletion_3bp	input	0	chr16	6018925	TCCG	T	Non-brain tissues	display_only_pool	0.013827324	0.0031135082	0.0107138158	1	0	Non-brain tissue / other	nonbrain_control	rbfox1_16kb	v0.20	pooled_nonbrain_tissues	all_available_stages	False
UBERON:0001157 total RNA-seq||transverse colon||UBERON:0001157||encode	RBFOX1_del3|input|0	chr16:6010734-6027118:.	ENSG00000078328	RBFOX1	protein_coding	+	RNA_SEQ	GeneMaskLFCScorer(requested_output=RNA_SEQ)	UBERON:0001157 total RNA-seq	.	total RNA-seq	UBERON:0001157	transverse colon	tissue	adult		encode	paired	False	0.9986286	RBFOX1_del3	deletion_3bp	input	0	chr16	6018925	TCCG	T	Non-brain tissues	display_only_pool	0.014669895	-0.00416398045	0.018833875450000002	1	0	Non-brain tissue / other	nonbrain_control	rbfox1_16kb	v0.20	pooled_nonbrain_tissues	all_available_stages	False
UBERON:0001159 polyA plus RNA-seq||sigmoid colon||UBERON:0001159||encode	RBFOX1_del3|input|0	chr16:6010734-6027118:.	ENSG00000078328	RBFOX1	protein_coding	+	RNA_SEQ	GeneMaskLFCScorer(requested_output=RNA_SEQ)	UBERON:0001159 polyA plus RNA-seq	.	polyA plus RNA-seq	UBERON:0001159	sigmoid colon	tissue	adult		encode	paired	False	-0.94078827	RBFOX1_del3	deletion_3bp	input	0	chr16	6018925	TCCG	T	Non-brain tissues	display_only_pool	-0.0036621094	-0.00068306925	-0.00297904015	1	0	Non-brain tissue / other	nonbrain_control	rbfox1_16kb	v0.20	pooled_nonbrain_tissues	all_available_stages	False
UBERON:0001159 total RNA-seq||sigmoid colon||UBERON:0001159||encode	RBFOX1_del3|input|0	chr16:6010734-6027118:.	ENSG00000078328	RBFOX1	protein_coding	+	RNA_SEQ	GeneMaskLFCScorer(requested_output=RNA_SEQ)	UBERON:0001159 total RNA-seq	.	total RNA-seq	UBERON:0001159	sigmoid colon	tissue	adult		encode	paired	False	-0.99991757	RBFOX1_del3	deletion_3bp	input	0	chr16	6018925	TCCG	T	Non-brain tissues	display_only_pool	-0.07668185	0.014233708500000001	-0.0909155585	1	0	Non-brain tissue / other	nonbrain_control	rbfox1_16kb	v0.20	pooled_nonbrain_tissues	all_available_stages	False
UBERON:0001211 total RNA-seq||Peyer's patch||UBERON:0001211||encode	RBFOX1_del3|input|0	chr16:6010734-6027118:.	ENSG00000078328	RBFOX1	protein_coding	+	RNA_SEQ	GeneMaskLFCScorer(requested_output=RNA_SEQ)	UBERON:0001211 total RNA-seq	.	total RNA-seq	UBERON:0001211	Peyer's patch	tissue	adult		encode	paired	False	0.9996461	RBFOX1_del3	deletion_3bp	input	0	chr16	6018925	TCCG	T	Non-brain tissues	display_only_pool	0.034054756	-0.0245780945	0.0586328505	1	0	Non-brain tissue / other	nonbrain_control	rbfox1_16kb	v0.20	pooled_nonbrain_tissues	all_available_stages	False
UBERON:0001255 polyA plus RNA-seq||urinary bladder||UBERON:0001255||encode	RBFOX1_del3|input|0	chr16:6010734-6027118:.	ENSG00000078328	RBFOX1	protein_coding	+	RNA_SEQ	GeneMaskLFCScorer(requested_output=RNA_SEQ)	UBERON:0001255 polyA plus RNA-seq	.	polyA plus RNA-seq	UBERON:0001255	urinary bladder	tissue	child		encode	paired	False	-0.999935	RBFOX1_del3	deletion_3bp	input	0	chr16	6018925	TCCG	T	Non-brain tissues	display_only_pool	-0.11083174	0.0269088745	-0.1377406145	1	0	Non-brain tissue / other	nonbrain_control	rbfox1_16kb	v0.20	pooled_nonbrain_tissues	all_available_stages	False
UBERON:0001255 total RNA-seq||urinary bladder||UBERON:0001255||encode	RBFOX1_del3|input|0	chr16:6010734-6027118:.	ENSG00000078328	RBFOX1	protein_coding	+	RNA_SEQ	GeneMaskLFCScorer(requested_output=RNA_SEQ)	UBERON:0001255 total RNA-seq	.	total RNA-seq	UBERON:0001255	urinary bladder	tissue	embryonic		encode	paired	False	-0.9997942	RBFOX1_del3	deletion_3bp	input	0	chr16	6018925	TCCG	T	Non-brain tissues	display_only_pool	-0.040617466	0.016789198499999998	-0.057406664499999996	1	0	Non-brain tissue / other	nonbrain_control	rbfox1_16kb	v0.20	pooled_nonbrain_tissues	all_available_stages	False
UBERON:0001264 polyA plus RNA-seq||pancreas||UBERON:0001264||encode	RBFOX1_del3|input|0	chr16:6010734-6027118:.	ENSG00000078328	RBFOX1	protein_coding	+	RNA_SEQ	GeneMaskLFCScorer(requested_output=RNA_SEQ)	UBERON:0001264 polyA plus RNA-seq	.	polyA plus RNA-seq	UBERON:0001264	pancreas	tissue	adult		encode	paired	False	0.998482	RBFOX1_del3	deletion_3bp	input	0	chr16	6018925	TCCG	T	Non-brain tissues	display_only_pool	0.013167381	0.0053195953	0.0078477857	1	0	Non-brain tissue / other	nonbrain_control	rbfox1_16kb	v0.20	pooled_nonbrain_tissues	all_available_stages	False
UBERON:0001264 total RNA-seq||pancreas||UBERON:0001264||encode	RBFOX1_del3|input|0	chr16:6010734-6027118:.	ENSG00000078328	RBFOX1	protein_coding	+	RNA_SEQ	GeneMaskLFCScorer(requested_output=RNA_SEQ)	UBERON:0001264 total RNA-seq	.	total RNA-seq	UBERON:0001264	pancreas	tissue	adult		encode	single	False	0.9977972	RBFOX1_del3	deletion_3bp	input	0	chr16	6018925	TCCG	T	Non-brain tissues	display_only_pool	0.01038456	0.0041794777	0.0062050822999999995	1	0	Non-brain tissue / other	nonbrain_control	rbfox1_16kb	v0.20	pooled_nonbrain_tissues	all_available_stages	False
UBERON:0001322 total RNA-seq||sciatic nerve||UBERON:0001322||encode	RBFOX1_del3|input|0	chr16:6010734-6027118:.	ENSG00000078328	RBFOX1	protein_coding	+	RNA_SEQ	GeneMaskLFCScorer(requested_output=RNA_SEQ)	UBERON:0001322 total RNA-seq	.	total RNA-seq	UBERON:0001322	sciatic nerve	tissue	adult		encode	single	False	-0.9996579	RBFOX1_del3	deletion_3bp	input	0	chr16	6018925	TCCG	T	Non-brain tissues	display_only_pool	-0.032973766	-0.007326603	-0.025647163	1	0	Non-brain tissue / other	nonbrain_control	rbfox1_16kb	v0.20	pooled_nonbrain_tissues	all_available_stages	False
UBERON:0001323 total RNA-seq||tibial nerve||UBERON:0001323||encode	RBFOX1_del3|input|0	chr16:6010734-6027118:.	ENSG00000078328	RBFOX1	protein_coding	+	RNA_SEQ	GeneMaskLFCScorer(requested_output=RNA_SEQ)	UBERON:0001323 total RNA-seq	.	total RNA-seq	UBERON:0001323	tibial nerve	tissue	adult		encode	paired	False	-0.9994504	RBFOX1_del3	deletion_3bp	input	0	chr16	6018925	TCCG	T	Non-brain tissues	display_only_pool	-0.023873806	-0.010409832	-0.013463974	1	0	Non-brain tissue / other	nonbrain_control	rbfox1_16kb	v0.20	pooled_nonbrain_tissues	all_available_stages	False
UBERON:0001383 polyA plus RNA-seq||muscle of leg||UBERON:0001383||encode	RBFOX1_del3|input|0	chr16:6010734-6027118:.	ENSG00000078328	RBFOX1	protein_coding	+	RNA_SEQ	GeneMaskLFCScorer(requested_output=RNA_SEQ)	UBERON:0001383 polyA plus RNA-seq	.	polyA plus RNA-seq	UBERON:0001383	muscle of leg	tissue	embryonic		encode	paired	False	-0.99908656	RBFOX1_del3	deletion_3bp	input	0	chr16	6018925	TCCG	T	Non-brain tissues	display_only_pool	-0.017383099	0.0006096363000000001	-0.0179927353	1	0	Non-brain tissue / other	nonbrain_control	rbfox1_16kb	v0.20	pooled_nonbrain_tissues	all_available_stages	False
UBERON:0001496 total RNA-seq||ascending aorta||UBERON:0001496||encode	RBFOX1_del3|input|0	chr16:6010734-6027118:.	ENSG00000078328	RBFOX1	protein_coding	+	RNA_SEQ	GeneMaskLFCScorer(requested_output=RNA_SEQ)	UBERON:0001496 total RNA-seq	.	total RNA-seq	UBERON:0001496	ascending aorta	tissue	adult		encode	paired	False	-0.999967	RBFOX1_del3	deletion_3bp	input	0	chr16	6018925	TCCG	T	Non-brain tissues	display_only_pool	-0.117053986	-0.0007326603000000001	-0.1163213257	1	0	Non-brain tissue / other	nonbrain_control	rbfox1_16kb	v0.20	pooled_nonbrain_tissues	all_available_stages	False
UBERON:0001515 total RNA-seq||thoracic aorta||UBERON:0001515||encode	RBFOX1_del3|input|0	chr16:6010734-6027118:.	ENSG00000078328	RBFOX1	protein_coding	+	RNA_SEQ	GeneMaskLFCScorer(requested_output=RNA_SEQ)	UBERON:0001515 total RNA-seq	.	total RNA-seq	UBERON:0001515	thoracic aorta	tissue	adult		encode	paired	False	-0.99998206	RBFOX1_del3	deletion_3bp	input	0	chr16	6018925	TCCG	T	Non-brain tissues	display_only_pool	-0.1723485	0.00475025175	-0.17709875174999998	1	0	Non-brain tissue / other	nonbrain_control	rbfox1_16kb	v0.20	pooled_nonbrain_tissues	all_available_stages	False
UBERON:0001723 total RNA-seq||tongue||UBERON:0001723||encode	RBFOX1_del3|input|0	chr16:6010734-6027118:.	ENSG00000078328	RBFOX1	protein_coding	+	RNA_SEQ	GeneMaskLFCScorer(requested_output=RNA_SEQ)	UBERON:0001723 total RNA-seq	.	total RNA-seq	UBERON:0001723	tongue	tissue	embryonic		encode	paired	False	-0.9895757	RBFOX1_del3	deletion_3bp	input	0	chr16	6018925	TCCG	T	Non-brain tissues	display_only_pool	-0.00551939	0.00104784965	-0.00656723965	1	0	Non-brain tissue / other	nonbrain_control	rbfox1_16kb	v0.20	pooled_nonbrain_tissues	all_available_stages	False
UBERON:0001870 total RNA-seq||frontal cortex||UBERON:0001870||encode	RBFOX1_del3|input|0	chr16:6010734-6027118:.	ENSG00000078328	RBFOX1	protein_coding	+	RNA_SEQ	GeneMaskLFCScorer(requested_output=RNA_SEQ)	UBERON:0001870 total RNA-seq	.	total RNA-seq	UBERON:0001870	frontal cortex	tissue	embryonic		encode	paired	False	0.9988023	RBFOX1_del3	deletion_3bp	input	0	chr16	6018925	TCCG	T	Embryo	brain9_primary	0.011612654	-0.015858233	0.027470887	1	0	Cortex / frontal cortex	brain_primary	rbfox1_16kb	v0.20	brain__embryo	embryonic	True
UBERON:0001871 total RNA-seq||temporal lobe||UBERON:0001871||encode	RBFOX1_del3|input|0	chr16:6010734-6027118:.	ENSG00000078328	RBFOX1	protein_coding	+	RNA_SEQ	GeneMaskLFCScorer(requested_output=RNA_SEQ)	UBERON:0001871 total RNA-seq	.	total RNA-seq	UBERON:0001871	temporal lobe	tissue	embryonic		encode	paired	False	0.9993916	RBFOX1_del3	deletion_3bp	input	0	chr16	6018925	TCCG	T	Embryo	brain9_primary	0.016815662	-0.012466907499999999	0.029282569499999998	1	0	Other brain	brain_primary	rbfox1_16kb	v0.20	brain__embryo	embryonic	True
UBERON:0001872 total RNA-seq||parietal lobe||UBERON:0001872||encode	RBFOX1_del3|input|0	chr16:6010734-6027118:.	ENSG00000078328	RBFOX1	protein_coding	+	RNA_SEQ	GeneMaskLFCScorer(requested_output=RNA_SEQ)	UBERON:0001872 total RNA-seq	.	total RNA-seq	UBERON:0001872	parietal lobe	tissue	embryonic		encode	paired	False	0.99956644	RBFOX1_del3	deletion_3bp	input	0	chr16	6018925	TCCG	T	Embryo	brain9_primary	0.022518516	-0.010812461249999999	0.03333097725	1	0	Other brain	brain_primary	rbfox1_16kb	v0.20	brain__embryo	embryonic	True
UBERON:0001894 total RNA-seq||diencephalon||UBERON:0001894||encode	RBFOX1_del3|input|0	chr16:6010734-6027118:.	ENSG00000078328	RBFOX1	protein_coding	+	RNA_SEQ	GeneMaskLFCScorer(requested_output=RNA_SEQ)	UBERON:0001894 total RNA-seq	.	total RNA-seq	UBERON:0001894	diencephalon	tissue	embryonic		encode	paired	False	0.99914634	RBFOX1_del3	deletion_3bp	input	0	chr16	6018925	TCCG	T	Embryo	brain9_primary	0.014782667	-0.00831210625	0.02309477325	1	0	Other brain	brain_primary	rbfox1_16kb	v0.20	brain__embryo	embryonic	True
UBERON:0001987 polyA plus RNA-seq||placenta||UBERON:0001987||encode	RBFOX1_del3|input|0	chr16:6010734-6027118:.	ENSG00000078328	RBFOX1	protein_coding	+	RNA_SEQ	GeneMaskLFCScorer(requested_output=RNA_SEQ)	UBERON:0001987 polyA plus RNA-seq	.	polyA plus RNA-seq	UBERON:0001987	placenta	tissue	embryonic		encode	paired	False	-0.9952044	RBFOX1_del3	deletion_3bp	input	0	chr16	6018925	TCCG	T	Non-brain tissues	display_only_pool	-0.010038376	8.3446505e-06	-0.0100467206505	1	0	Non-brain tissue / other	nonbrain_control	rbfox1_16kb	v0.20	pooled_nonbrain_tissues	all_available_stages	False
UBERON:0001987 total RNA-seq||placenta||UBERON:0001987||encode	RBFOX1_del3|input|0	chr16:6010734-6027118:.	ENSG00000078328	RBFOX1	protein_coding	+	RNA_SEQ	GeneMaskLFCScorer(requested_output=RNA_SEQ)	UBERON:0001987 total RNA-seq	.	total RNA-seq	UBERON:0001987	placenta	tissue	embryonic		encode	single	False	-0.9984297	RBFOX1_del3	deletion_3bp	input	0	chr16	6018925	TCCG	T	Non-brain tissues	display_only_pool	-0.016266823	-0.00039720533999999997	-0.015869617659999998	1	0	Non-brain tissue / other	nonbrain_control	rbfox1_16kb	v0.20	pooled_nonbrain_tissues	all_available_stages	False
UBERON:0002021 total RNA-seq||occipital lobe||UBERON:0002021||encode	RBFOX1_del3|input|0	chr16:6010734-6027118:.	ENSG00000078328	RBFOX1	protein_coding	+	RNA_SEQ	GeneMaskLFCScorer(requested_output=RNA_SEQ)	UBERON:0002021 total RNA-seq	.	total RNA-seq	UBERON:0002021	occipital lobe	tissue	embryonic		encode	paired	False	0.99922884	RBFOX1_del3	deletion_3bp	input	0	chr16	6018925	TCCG	T	Embryo	brain9_primary	0.014946938	-0.015677094500000002	0.030624032500000002	1	0	Other brain	brain_primary	rbfox1_16kb	v0.20	brain__embryo	embryonic	True
UBERON:0002037 polyA plus RNA-seq||cerebellum||UBERON:0002037||encode	RBFOX1_del3|input|0	chr16:6010734-6027118:.	ENSG00000078328	RBFOX1	protein_coding	+	RNA_SEQ	GeneMaskLFCScorer(requested_output=RNA_SEQ)	UBERON:0002037 polyA plus RNA-seq	.	polyA plus RNA-seq	UBERON:0002037	cerebellum	tissue	embryonic		encode	paired	False	-0.9952044	RBFOX1_del3	deletion_3bp	input	0	chr16	6018925	TCCG	T	Embryo	brain9_primary	-0.008836985	0.0011049509	-0.0099419359	1	0	Cerebellum	brain_primary	rbfox1_16kb	v0.20	brain__embryo	embryonic	True
UBERON:0002037 total RNA-seq||cerebellum||UBERON:0002037||encode	RBFOX1_del3|input|0	chr16:6010734-6027118:.	ENSG00000078328	RBFOX1	protein_coding	+	RNA_SEQ	GeneMaskLFCScorer(requested_output=RNA_SEQ)	UBERON:0002037 total RNA-seq	.	total RNA-seq	UBERON:0002037	cerebellum	tissue	embryonic		encode	paired	False	0.9997942	RBFOX1_del3	deletion_3bp	input	0	chr16	6018925	TCCG	T	Embryo	brain9_primary	0.03365183	-0.0033912658	0.0370430958	1	0	Cerebellum	brain_primary	rbfox1_16kb	v0.20	brain__embryo	embryonic	True
UBERON:0002046 total RNA-seq||thyroid gland||UBERON:0002046||encode	RBFOX1_del3|input|0	chr16:6010734-6027118:.	ENSG00000078328	RBFOX1	protein_coding	+	RNA_SEQ	GeneMaskLFCScorer(requested_output=RNA_SEQ)	UBERON:0002046 total RNA-seq	.	total RNA-seq	UBERON:0002046	thyroid gland	tissue	adult		encode	paired	False	-0.99968034	RBFOX1_del3	deletion_3bp	input	0	chr16	6018925	TCCG	T	Non-brain tissues	display_only_pool	-0.034968376	-0.01487875	-0.020089626000000003	1	0	Non-brain tissue / other	nonbrain_control	rbfox1_16kb	v0.20	pooled_nonbrain_tissues	all_available_stages	False
UBERON:0002048 polyA plus RNA-seq||lung||UBERON:0002048||encode	RBFOX1_del3|input|0	chr16:6010734-6027118:.	ENSG00000078328	RBFOX1	protein_coding	+	RNA_SEQ	GeneMaskLFCScorer(requested_output=RNA_SEQ)	UBERON:0002048 polyA plus RNA-seq	.	polyA plus RNA-seq	UBERON:0002048	lung	tissue	adult		encode	paired	False	-0.99902254	RBFOX1_del3	deletion_3bp	input	0	chr16	6018925	TCCG	T	Non-brain tissues	display_only_pool	-0.018005848	-0.00091457365	-0.01709127435	1	0	Non-brain tissue / other	nonbrain_control	rbfox1_16kb	v0.20	pooled_nonbrain_tissues	all_available_stages	False
UBERON:0002048 total RNA-seq||lung||UBERON:0002048||encode	RBFOX1_del3|input|0	chr16:6010734-6027118:.	ENSG00000078328	RBFOX1	protein_coding	+	RNA_SEQ	GeneMaskLFCScorer(requested_output=RNA_SEQ)	UBERON:0002048 total RNA-seq	.	total RNA-seq	UBERON:0002048	lung	tissue	embryonic		encode	paired	False	-0.9998534	RBFOX1_del3	deletion_3bp	input	0	chr16	6018925	TCCG	T	Non-brain tissues	display_only_pool	-0.05579567	-0.000267982475	-0.055527687525	1	0	Non-brain tissue / other	nonbrain_control	rbfox1_16kb	v0.20	pooled_nonbrain_tissues	all_available_stages	False
UBERON:0002078 polyA plus RNA-seq||right cardiac atrium||UBERON:0002078||encode	RBFOX1_del3|input|0	chr16:6010734-6027118:.	ENSG00000078328	RBFOX1	protein_coding	+	RNA_SEQ	GeneMaskLFCScorer(requested_output=RNA_SEQ)	UBERON:0002078 polyA plus RNA-seq	.	polyA plus RNA-seq	UBERON:0002078	right cardiac atrium	tissue	adult		encode	paired	False	-0.999967	RBFOX1_del3	deletion_3bp	input	0	chr16	6018925	TCCG	T	Non-brain tissues	display_only_pool	-0.15625429	0.00151968005	-0.15777397005	1	0	Non-brain tissue / other	nonbrain_control	rbfox1_16kb	v0.20	pooled_nonbrain_tissues	all_available_stages	False
UBERON:0002078 total RNA-seq||right cardiac atrium||UBERON:0002078||encode	RBFOX1_del3|input|0	chr16:6010734-6027118:.	ENSG00000078328	RBFOX1	protein_coding	+	RNA_SEQ	GeneMaskLFCScorer(requested_output=RNA_SEQ)	UBERON:0002078 total RNA-seq	.	total RNA-seq	UBERON:0002078	right cardiac atrium	tissue	adult		encode	single	False	-0.999978	RBFOX1_del3	deletion_3bp	input	0	chr16	6018925	TCCG	T	Non-brain tissues	display_only_pool	-0.18040085	0.000651121125	-0.181051971125	1	0	Non-brain tissue / other	nonbrain_control	rbfox1_16kb	v0.20	pooled_nonbrain_tissues	all_available_stages	False
UBERON:0002079 total RNA-seq||left cardiac atrium||UBERON:0002079||encode	RBFOX1_del3|input|0	chr16:6010734-6027118:.	ENSG00000078328	RBFOX1	protein_coding	+	RNA_SEQ	GeneMaskLFCScorer(requested_output=RNA_SEQ)	UBERON:0002079 total RNA-seq	.	total RNA-seq	UBERON:0002079	left cardiac atrium	tissue	adult		encode	single	False	-0.99997306	RBFOX1_del3	deletion_3bp	input	0	chr16	6018925	TCCG	T	Non-brain tissues	display_only_pool	-0.16432714	-0.0012207031	-0.1631064369	1	0	Non-brain tissue / other	nonbrain_control	rbfox1_16kb	v0.20	pooled_nonbrain_tissues	all_available_stages	False
UBERON:0002080 polyA plus RNA-seq||heart right ventricle||UBERON:0002080||encode	RBFOX1_del3|input|0	chr16:6010734-6027118:.	ENSG00000078328	RBFOX1	protein_coding	+	RNA_SEQ	GeneMaskLFCScorer(requested_output=RNA_SEQ)	UBERON:0002080 polyA plus RNA-seq	.	polyA plus RNA-seq	UBERON:0002080	heart right ventricle	tissue	adult		encode	paired	False	-0.9999595	RBFOX1_del3	deletion_3bp	input	0	chr16	6018925	TCCG	T	Non-brain tissues	display_only_pool	-0.14329767	-0.0012638569000000001	-0.1420338131	1	0	Non-brain tissue / other	nonbrain_control	rbfox1_16kb	v0.20	pooled_nonbrain_tissues	all_available_stages	False
UBERON:0002080 total RNA-seq||heart right ventricle||UBERON:0002080||encode	RBFOX1_del3|input|0	chr16:6010734-6027118:.	ENSG00000078328	RBFOX1	protein_coding	+	RNA_SEQ	GeneMaskLFCScorer(requested_output=RNA_SEQ)	UBERON:0002080 total RNA-seq	.	total RNA-seq	UBERON:0002080	heart right ventricle	tissue	adult		encode	single	False	-0.99998325	RBFOX1_del3	deletion_3bp	input	0	chr16	6018925	TCCG	T	Non-brain tissues	display_only_pool	-0.20818043	-0.0035283565500000003	-0.20465207345	1	0	Non-brain tissue / other	nonbrain_control	rbfox1_16kb	v0.20	pooled_nonbrain_tissues	all_available_stages	False
UBERON:0002084 polyA plus RNA-seq||heart left ventricle||UBERON:0002084||encode	RBFOX1_del3|input|0	chr16:6010734-6027118:.	ENSG00000078328	RBFOX1	protein_coding	+	RNA_SEQ	GeneMaskLFCScorer(requested_output=RNA_SEQ)	UBERON:0002084 polyA plus RNA-seq	.	polyA plus RNA-seq	UBERON:0002084	heart left ventricle	tissue	adult		encode	paired	False	-0.99996805	RBFOX1_del3	deletion_3bp	input	0	chr16	6018925	TCCG	T	Non-brain tissues	display_only_pool	-0.15443707	-0.000845193865	-0.153591876135	1	0	Non-brain tissue / other	nonbrain_control	rbfox1_16kb	v0.20	pooled_nonbrain_tissues	all_available_stages	False
UBERON:0002084 total RNA-seq||heart left ventricle||UBERON:0002084||encode	RBFOX1_del3|input|0	chr16:6010734-6027118:.	ENSG00000078328	RBFOX1	protein_coding	+	RNA_SEQ	GeneMaskLFCScorer(requested_output=RNA_SEQ)	UBERON:0002084 total RNA-seq	.	total RNA-seq	UBERON:0002084	heart left ventricle	tissue	adult		encode	paired	False	-0.99998015	RBFOX1_del3	deletion_3bp	input	0	chr16	6018925	TCCG	T	Non-brain tissues	display_only_pool	-0.18627214	-0.00958967225	-0.17668246775000002	1	0	Non-brain tissue / other	nonbrain_control	rbfox1_16kb	v0.20	pooled_nonbrain_tissues	all_available_stages	False
UBERON:0002097 total RNA-seq||skin of body||UBERON:0002097||encode	RBFOX1_del3|input|0	chr16:6010734-6027118:.	ENSG00000078328	RBFOX1	protein_coding	+	RNA_SEQ	GeneMaskLFCScorer(requested_output=RNA_SEQ)	UBERON:0002097 total RNA-seq	.	total RNA-seq	UBERON:0002097	skin of body	tissue	embryonic		encode	paired	False	0.99922884	RBFOX1_del3	deletion_3bp	input	0	chr16	6018925	TCCG	T	Non-brain tissues	display_only_pool	0.016792774	0.00030875206	0.01648402194	1	0	Non-brain tissue / other	nonbrain_control	rbfox1_16kb	v0.20	pooled_nonbrain_tissues	all_available_stages	False
UBERON:0002099 total RNA-seq||cardiac septum||UBERON:0002099||encode	RBFOX1_del3|input|0	chr16:6010734-6027118:.	ENSG00000078328	RBFOX1	protein_coding	+	RNA_SEQ	GeneMaskLFCScorer(requested_output=RNA_SEQ)	UBERON:0002099 total RNA-seq	.	total RNA-seq	UBERON:0002099	cardiac septum	tissue	adult		encode	single	False	-0.9999863	RBFOX1_del3	deletion_3bp	input	0	chr16	6018925	TCCG	T	Non-brain tissues	display_only_pool	-0.2165041	-0.0022435188	-0.2142605812	1	0	Non-brain tissue / other	nonbrain_control	rbfox1_16kb	v0.20	pooled_nonbrain_tissues	all_available_stages	False
UBERON:0002106 polyA plus RNA-seq||spleen||UBERON:0002106||encode	RBFOX1_del3|input|0	chr16:6010734-6027118:.	ENSG00000078328	RBFOX1	protein_coding	+	RNA_SEQ	GeneMaskLFCScorer(requested_output=RNA_SEQ)	UBERON:0002106 polyA plus RNA-seq	.	polyA plus RNA-seq	UBERON:0002106	spleen	tissue	adult		encode	paired	False	-0.99914634	RBFOX1_del3	deletion_3bp	input	0	chr16	6018925	TCCG	T	Non-brain tissues	display_only_pool	-0.020831108	-0.0095210075	-0.011310100500000001	1	0	Non-brain tissue / other	nonbrain_control	rbfox1_16kb	v0.20	pooled_nonbrain_tissues	all_available_stages	False
UBERON:0002106 total RNA-seq||spleen||UBERON:0002106||encode	RBFOX1_del3|input|0	chr16:6010734-6027118:.	ENSG00000078328	RBFOX1	protein_coding	+	RNA_SEQ	GeneMaskLFCScorer(requested_output=RNA_SEQ)	UBERON:0002106 total RNA-seq	.	total RNA-seq	UBERON:0002106	spleen	tissue	adult		encode	paired	False	-0.99930334	RBFOX1_del3	deletion_3bp	input	0	chr16	6018925	TCCG	T	Non-brain tissues	display_only_pool	-0.021725655	-0.0401725765	0.0184469215	1	0	Non-brain tissue / other	nonbrain_control	rbfox1_16kb	v0.20	pooled_nonbrain_tissues	all_available_stages	False
UBERON:0002107 polyA plus RNA-seq||liver||UBERON:0002107||encode	RBFOX1_del3|input|0	chr16:6010734-6027118:.	ENSG00000078328	RBFOX1	protein_coding	+	RNA_SEQ	GeneMaskLFCScorer(requested_output=RNA_SEQ)	UBERON:0002107 polyA plus RNA-seq	.	polyA plus RNA-seq	UBERON:0002107	liver	tissue	child		encode	paired	False	-0.9988023	RBFOX1_del3	deletion_3bp	input	0	chr16	6018925	TCCG	T	Non-brain tissues	display_only_pool	-0.01723957	-0.0009214878	-0.0163180822	1	0	Non-brain tissue / other	nonbrain_control	rbfox1_16kb	v0.20	pooled_nonbrain_tissues	all_available_stages	False
UBERON:0002107 total RNA-seq||liver||UBERON:0002107||encode	RBFOX1_del3|input|0	chr16:6010734-6027118:.	ENSG00000078328	RBFOX1	protein_coding	+	RNA_SEQ	GeneMaskLFCScorer(requested_output=RNA_SEQ)	UBERON:0002107 total RNA-seq	.	total RNA-seq	UBERON:0002107	liver	tissue	embryonic		encode	paired	False	-0.9995515	RBFOX1_del3	deletion_3bp	input	0	chr16	6018925	TCCG	T	Non-brain tissues	display_only_pool	-0.0290699	-0.01054763775	-0.018522262249999998	1	0	Non-brain tissue / other	nonbrain_control	rbfox1_16kb	v0.20	pooled_nonbrain_tissues	all_available_stages	False
UBERON:0002108 polyA plus RNA-seq||small intestine||UBERON:0002108||encode	RBFOX1_del3|input|0	chr16:6010734-6027118:.	ENSG00000078328	RBFOX1	protein_coding	+	RNA_SEQ	GeneMaskLFCScorer(requested_output=RNA_SEQ)	UBERON:0002108 polyA plus RNA-seq	.	polyA plus RNA-seq	UBERON:0002108	small intestine	tissue	adult		encode	paired	False	-0.8292812	RBFOX1_del3	deletion_3bp	input	0	chr16	6018925	TCCG	T	Non-brain tissues	display_only_pool	-0.002161026	-0.00401997565	0.0018589496500000004	1	0	Non-brain tissue / other	nonbrain_control	rbfox1_16kb	v0.20	pooled_nonbrain_tissues	all_available_stages	False
UBERON:0002113 polyA plus RNA-seq||kidney||UBERON:0002113||encode	RBFOX1_del3|input|0	chr16:6010734-6027118:.	ENSG00000078328	RBFOX1	protein_coding	+	RNA_SEQ	GeneMaskLFCScorer(requested_output=RNA_SEQ)	UBERON:0002113 polyA plus RNA-seq	.	polyA plus RNA-seq	UBERON:0002113	kidney	tissue	adult		encode	paired	False	-0.9939247	RBFOX1_del3	deletion_3bp	input	0	chr16	6018925	TCCG	T	Non-brain tissues	display_only_pool	-0.00970602	0.000497818	-0.010203838	1	0	Non-brain tissue / other	nonbrain_control	rbfox1_16kb	v0.20	pooled_nonbrain_tissues	all_available_stages	False
UBERON:0002113 total RNA-seq||kidney||UBERON:0002113||encode	RBFOX1_del3|input|0	chr16:6010734-6027118:.	ENSG00000078328	RBFOX1	protein_coding	+	RNA_SEQ	GeneMaskLFCScorer(requested_output=RNA_SEQ)	UBERON:0002113 total RNA-seq	.	total RNA-seq	UBERON:0002113	kidney	tissue	adult		encode	single	False	-0.9998675	RBFOX1_del3	deletion_3bp	input	0	chr16	6018925	TCCG	T	Non-brain tissues	display_only_pool	-0.06802511	-0.0057749748	-0.0622501352	1	0	Non-brain tissue / other	nonbrain_control	rbfox1_16kb	v0.20	pooled_nonbrain_tissues	all_available_stages	False
UBERON:0002168 total RNA-seq||left lung||UBERON:0002168||encode	RBFOX1_del3|input|0	chr16:6010734-6027118:.	ENSG00000078328	RBFOX1	protein_coding	+	RNA_SEQ	GeneMaskLFCScorer(requested_output=RNA_SEQ)	UBERON:0002168 total RNA-seq	.	total RNA-seq	UBERON:0002168	left lung	tissue	adult		encode	single	False	-0.99977976	RBFOX1_del3	deletion_3bp	input	0	chr16	6018925	TCCG	T	Non-brain tissues	display_only_pool	-0.046818256	-0.0037801266	-0.0430381294	1	0	Non-brain tissue / other	nonbrain_control	rbfox1_16kb	v0.20	pooled_nonbrain_tissues	all_available_stages	False
UBERON:0002170 total RNA-seq||upper lobe of right lung||UBERON:0002170||encode	RBFOX1_del3|input|0	chr16:6010734-6027118:.	ENSG00000078328	RBFOX1	protein_coding	+	RNA_SEQ	GeneMaskLFCScorer(requested_output=RNA_SEQ)	UBERON:0002170 total RNA-seq	.	total RNA-seq	UBERON:0002170	upper lobe of right lung	tissue	adult		encode	single	False	-0.9998534	RBFOX1_del3	deletion_3bp	input	0	chr16	6018925	TCCG	T	Non-brain tissues	display_only_pool	-0.062111378	-0.0073981285	-0.054713249500000005	1	0	Non-brain tissue / other	nonbrain_control	rbfox1_16kb	v0.20	pooled_nonbrain_tissues	all_available_stages	False
UBERON:0002171 total RNA-seq||lower lobe of right lung||UBERON:0002171||encode	RBFOX1_del3|input|0	chr16:6010734-6027118:.	ENSG00000078328	RBFOX1	protein_coding	+	RNA_SEQ	GeneMaskLFCScorer(requested_output=RNA_SEQ)	UBERON:0002171 total RNA-seq	.	total RNA-seq	UBERON:0002171	lower lobe of right lung	tissue	adult		encode	single	False	-0.9997643	RBFOX1_del3	deletion_3bp	input	0	chr16	6018925	TCCG	T	Non-brain tissues	display_only_pool	-0.046470642	-0.0066204071	-0.0398502349	1	0	Non-brain tissue / other	nonbrain_control	rbfox1_16kb	v0.20	pooled_nonbrain_tissues	all_available_stages	False
UBERON:0002190 total RNA-seq||subcutaneous adipose tissue||UBERON:0002190||encode	RBFOX1_del3|input|0	chr16:6010734-6027118:.	ENSG00000078328	RBFOX1	protein_coding	+	RNA_SEQ	GeneMaskLFCScorer(requested_output=RNA_SEQ)	UBERON:0002190 total RNA-seq	.	total RNA-seq	UBERON:0002190	subcutaneous adipose tissue	tissue	adult		encode	paired	False	-0.99853253	RBFOX1_del3	deletion_3bp	input	0	chr16	6018925	TCCG	T	Non-brain tissues	display_only_pool	-0.013391495	-0.00284218785	-0.01054930715	1	0	Non-brain tissue / other	nonbrain_control	rbfox1_16kb	v0.20	pooled_nonbrain_tissues	all_available_stages	False
UBERON:0002240 polyA plus RNA-seq||spinal cord||UBERON:0002240||encode	RBFOX1_del3|input|0	chr16:6010734-6027118:.	ENSG00000078328	RBFOX1	protein_coding	+	RNA_SEQ	GeneMaskLFCScorer(requested_output=RNA_SEQ)	UBERON:0002240 polyA plus RNA-seq	.	polyA plus RNA-seq	UBERON:0002240	spinal cord	tissue	embryonic		encode	paired	False	0.99937063	RBFOX1_del3	deletion_3bp	input	0	chr16	6018925	TCCG	T	Non-brain tissues	display_only_pool	0.01929164	0.000291109085	0.019000530914999997	1	0	Other brain	brain_primary	rbfox1_16kb	v0.20	pooled_nonbrain_tissues	all_available_stages	False
UBERON:0002240 total RNA-seq||spinal cord||UBERON:0002240||encode	RBFOX1_del3|input|0	chr16:6010734-6027118:.	ENSG00000078328	RBFOX1	protein_coding	+	RNA_SEQ	GeneMaskLFCScorer(requested_output=RNA_SEQ)	UBERON:0002240 total RNA-seq	.	total RNA-seq	UBERON:0002240	spinal cord	tissue	embryonic		encode	paired	False	0.99978715	RBFOX1_del3	deletion_3bp	input	0	chr16	6018925	TCCG	T	Non-brain tissues	display_only_pool	0.0366292	-0.0058757067	0.0425049067	1	0	Other brain	brain_primary	rbfox1_16kb	v0.20	pooled_nonbrain_tissues	all_available_stages	False
UBERON:0002331 total RNA-seq||umbilical cord||UBERON:0002331||encode	RBFOX1_del3|input|0	chr16:6010734-6027118:.	ENSG00000078328	RBFOX1	protein_coding	+	RNA_SEQ	GeneMaskLFCScorer(requested_output=RNA_SEQ)	UBERON:0002331 total RNA-seq	.	total RNA-seq	UBERON:0002331	umbilical cord	tissue	embryonic		encode	paired	False	-0.9999118	RBFOX1_del3	deletion_3bp	input	0	chr16	6018925	TCCG	T	Non-brain tissues	display_only_pool	-0.046591282	0.008629799	-0.055221081	1	0	Non-brain tissue / other	nonbrain_control	rbfox1_16kb	v0.20	pooled_nonbrain_tissues	all_available_stages	False
UBERON:0002367 total RNA-seq||prostate gland||UBERON:0002367||encode	RBFOX1_del3|input|0	chr16:6010734-6027118:.	ENSG00000078328	RBFOX1	protein_coding	+	RNA_SEQ	GeneMaskLFCScorer(requested_output=RNA_SEQ)	UBERON:0002367 total RNA-seq	.	total RNA-seq	UBERON:0002367	prostate gland	tissue	adult		encode	paired	False	0.9993265	RBFOX1_del3	deletion_3bp	input	0	chr16	6018925	TCCG	T	Non-brain tissues	display_only_pool	0.020878553	0.022845626	-0.0019670729999999997	1	0	Non-brain tissue / other	nonbrain_control	rbfox1_16kb	v0.20	pooled_nonbrain_tissues	all_available_stages	False
UBERON:0002369 polyA plus RNA-seq||adrenal gland||UBERON:0002369||encode	RBFOX1_del3|input|0	chr16:6010734-6027118:.	ENSG00000078328	RBFOX1	protein_coding	+	RNA_SEQ	GeneMaskLFCScorer(requested_output=RNA_SEQ)	UBERON:0002369 polyA plus RNA-seq	.	polyA plus RNA-seq	UBERON:0002369	adrenal gland	tissue	adult		encode	paired	False	0.9998843	RBFOX1_del3	deletion_3bp	input	0	chr16	6018925	TCCG	T	Non-brain tissues	display_only_pool	0.07245493	0.030603408999999998	0.041851521	1	0	Non-brain tissue / other	nonbrain_control	rbfox1_16kb	v0.20	pooled_nonbrain_tissues	all_available_stages	False
UBERON:0002369 total RNA-seq||adrenal gland||UBERON:0002369||encode	RBFOX1_del3|input|0	chr16:6010734-6027118:.	ENSG00000078328	RBFOX1	protein_coding	+	RNA_SEQ	GeneMaskLFCScorer(requested_output=RNA_SEQ)	UBERON:0002369 total RNA-seq	.	total RNA-seq	UBERON:0002369	adrenal gland	tissue	adult		encode	paired	False	0.9998762	RBFOX1_del3	deletion_3bp	input	0	chr16	6018925	TCCG	T	Non-brain tissues	display_only_pool	0.060392857	0.026272535	0.034120322	1	0	Non-brain tissue / other	nonbrain_control	rbfox1_16kb	v0.20	pooled_nonbrain_tissues	all_available_stages	False
UBERON:0002370 polyA plus RNA-seq||thymus||UBERON:0002370||encode	RBFOX1_del3|input|0	chr16:6010734-6027118:.	ENSG00000078328	RBFOX1	protein_coding	+	RNA_SEQ	GeneMaskLFCScorer(requested_output=RNA_SEQ)	UBERON:0002370 polyA plus RNA-seq	.	polyA plus RNA-seq	UBERON:0002370	thymus	tissue	embryonic		encode	paired	False	-0.90346414	RBFOX1_del3	deletion_3bp	input	0	chr16	6018925	TCCG	T	Non-brain tissues	display_only_pool	-0.0027008057	-0.022163868	0.0194630623	1	0	Non-brain tissue / other	nonbrain_control	rbfox1_16kb	v0.20	pooled_nonbrain_tissues	all_available_stages	False
UBERON:0002469 total RNA-seq||esophagus mucosa||UBERON:0002469||encode	RBFOX1_del3|input|0	chr16:6010734-6027118:.	ENSG00000078328	RBFOX1	protein_coding	+	RNA_SEQ	GeneMaskLFCScorer(requested_output=RNA_SEQ)	UBERON:0002469 total RNA-seq	.	total RNA-seq	UBERON:0002469	esophagus mucosa	tissue	adult		encode	single	False	0.9996461	RBFOX1_del3	deletion_3bp	input	0	chr16	6018925	TCCG	T	Non-brain tissues	display_only_pool	0.031619072	0.0025663375499999997	0.02905273445	1	0	Non-brain tissue / other	nonbrain_control	rbfox1_16kb	v0.20	pooled_nonbrain_tissues	all_available_stages	False
UBERON:0003124 polyA plus RNA-seq||chorion||UBERON:0003124||encode	RBFOX1_del3|input|0	chr16:6010734-6027118:.	ENSG00000078328	RBFOX1	protein_coding	+	RNA_SEQ	GeneMaskLFCScorer(requested_output=RNA_SEQ)	UBERON:0003124 polyA plus RNA-seq	.	polyA plus RNA-seq	UBERON:0003124	chorion	tissue	embryonic		encode	paired	False	-0.9996693	RBFOX1_del3	deletion_3bp	input	0	chr16	6018925	TCCG	T	Non-brain tissues	display_only_pool	-0.045695305	0.0026123524	-0.048307657399999995	1	0	Non-brain tissue / other	nonbrain_control	rbfox1_16kb	v0.20	pooled_nonbrain_tissues	all_available_stages	False
UBERON:0004264 total RNA-seq||lower leg skin||UBERON:0004264||encode	RBFOX1_del3|input|0	chr16:6010734-6027118:.	ENSG00000078328	RBFOX1	protein_coding	+	RNA_SEQ	GeneMaskLFCScorer(requested_output=RNA_SEQ)	UBERON:0004264 total RNA-seq	.	total RNA-seq	UBERON:0004264	lower leg skin	tissue	adult		encode	paired	False	0.99986297	RBFOX1_del3	deletion_3bp	input	0	chr16	6018925	TCCG	T	Non-brain tissues	display_only_pool	0.06268644	-0.014881611	0.077568051	1	0	Non-brain tissue / other	nonbrain_control	rbfox1_16kb	v0.20	pooled_nonbrain_tissues	all_available_stages	False
UBERON:0004550 total RNA-seq||gastroesophageal sphincter||UBERON:0004550||encode	RBFOX1_del3|input|0	chr16:6010734-6027118:.	ENSG00000078328	RBFOX1	protein_coding	+	RNA_SEQ	GeneMaskLFCScorer(requested_output=RNA_SEQ)	UBERON:0004550 total RNA-seq	.	total RNA-seq	UBERON:0004550	gastroesophageal sphincter	tissue	adult		encode	paired	False	-0.99996215	RBFOX1_del3	deletion_3bp	input	0	chr16	6018925	TCCG	T	Non-brain tissues	display_only_pool	-0.118661165	0.0172826055	-0.1359437705	1	0	Non-brain tissue / other	nonbrain_control	rbfox1_16kb	v0.20	pooled_nonbrain_tissues	all_available_stages	False
UBERON:0004648 total RNA-seq||esophagus muscularis mucosa||UBERON:0004648||encode	RBFOX1_del3|input|0	chr16:6010734-6027118:.	ENSG00000078328	RBFOX1	protein_coding	+	RNA_SEQ	GeneMaskLFCScorer(requested_output=RNA_SEQ)	UBERON:0004648 total RNA-seq	.	total RNA-seq	UBERON:0004648	esophagus muscularis mucosa	tissue	adult		encode	paired	False	-0.99997115	RBFOX1_del3	deletion_3bp	input	0	chr16	6018925	TCCG	T	Non-brain tissues	display_only_pool	-0.13732004	0.011844039	-0.149164079	1	0	Non-brain tissue / other	nonbrain_control	rbfox1_16kb	v0.20	pooled_nonbrain_tissues	all_available_stages	False
UBERON:0004992 total RNA-seq||mucosa of descending colon||UBERON:0004992||encode	RBFOX1_del3|input|0	chr16:6010734-6027118:.	ENSG00000078328	RBFOX1	protein_coding	+	RNA_SEQ	GeneMaskLFCScorer(requested_output=RNA_SEQ)	UBERON:0004992 total RNA-seq	.	total RNA-seq	UBERON:0004992	mucosa of descending colon	tissue	adult		encode	single	False	-0.99800986	RBFOX1_del3	deletion_3bp	input	0	chr16	6018925	TCCG	T	Non-brain tissues	display_only_pool	-0.012688637	0.0039191245	-0.0166077615	1	0	Non-brain tissue / other	nonbrain_control	rbfox1_16kb	v0.20	pooled_nonbrain_tissues	all_available_stages	False
UBERON:0005033 total RNA-seq||mucosa of gallbladder||UBERON:0005033||encode	RBFOX1_del3|input|0	chr16:6010734-6027118:.	ENSG00000078328	RBFOX1	protein_coding	+	RNA_SEQ	GeneMaskLFCScorer(requested_output=RNA_SEQ)	UBERON:0005033 total RNA-seq	.	total RNA-seq	UBERON:0005033	mucosa of gallbladder	tissue	child		encode	single	False	-0.99986297	RBFOX1_del3	deletion_3bp	input	0	chr16	6018925	TCCG	T	Non-brain tissues	display_only_pool	-0.06638718	-0.00027489662	-0.06611228338	1	0	Non-brain tissue / other	nonbrain_control	rbfox1_16kb	v0.20	pooled_nonbrain_tissues	all_available_stages	False
UBERON:0006631 total RNA-seq||right atrium auricular region||UBERON:0006631||encode	RBFOX1_del3|input|0	chr16:6010734-6027118:.	ENSG00000078328	RBFOX1	protein_coding	+	RNA_SEQ	GeneMaskLFCScorer(requested_output=RNA_SEQ)	UBERON:0006631 total RNA-seq	.	total RNA-seq	UBERON:0006631	right atrium auricular region	tissue	adult		encode	paired	False	-0.99997646	RBFOX1_del3	deletion_3bp	input	0	chr16	6018925	TCCG	T	Non-brain tissues	display_only_pool	-0.17755294	-0.0065534115	-0.1709995285	1	0	Non-brain tissue / other	nonbrain_control	rbfox1_16kb	v0.20	pooled_nonbrain_tissues	all_available_stages	False
UBERON:0006920 total RNA-seq||esophagus squamous epithelium||UBERON:0006920||encode	RBFOX1_del3|input|0	chr16:6010734-6027118:.	ENSG00000078328	RBFOX1	protein_coding	+	RNA_SEQ	GeneMaskLFCScorer(requested_output=RNA_SEQ)	UBERON:0006920 total RNA-seq	.	total RNA-seq	UBERON:0006920	esophagus squamous epithelium	tissue	adult		encode	paired	False	0.9992793	RBFOX1_del3	deletion_3bp	input	0	chr16	6018925	TCCG	T	Non-brain tissues	display_only_pool	0.020078182	0.0027177334	0.0173604486	1	0	Non-brain tissue / other	nonbrain_control	rbfox1_16kb	v0.20	pooled_nonbrain_tissues	all_available_stages	False
UBERON:0007106 polyA plus RNA-seq||chorionic villus||UBERON:0007106||encode	RBFOX1_del3|input|0	chr16:6010734-6027118:.	ENSG00000078328	RBFOX1	protein_coding	+	RNA_SEQ	GeneMaskLFCScorer(requested_output=RNA_SEQ)	UBERON:0007106 polyA plus RNA-seq	.	polyA plus RNA-seq	UBERON:0007106	chorionic villus	tissue	embryonic		encode	paired	False	-0.9996083	RBFOX1_del3	deletion_3bp	input	0	chr16	6018925	TCCG	T	Non-brain tissues	display_only_pool	-0.04160452	0.00699019425	-0.04859471425	1	0	Non-brain tissue / other	nonbrain_control	rbfox1_16kb	v0.20	pooled_nonbrain_tissues	all_available_stages	False
UBERON:0008367 total RNA-seq||breast epithelium||UBERON:0008367||encode	RBFOX1_del3|input|0	chr16:6010734-6027118:.	ENSG00000078328	RBFOX1	protein_coding	+	RNA_SEQ	GeneMaskLFCScorer(requested_output=RNA_SEQ)	UBERON:0008367 total RNA-seq	.	total RNA-seq	UBERON:0008367	breast epithelium	tissue	adult		encode	paired	False	-0.9973013	RBFOX1_del3	deletion_3bp	input	0	chr16	6018925	TCCG	T	Non-brain tissues	display_only_pool	-0.00959444	0.00450444215	-0.014098882149999999	1	0	Non-brain tissue / other	nonbrain_control	rbfox1_16kb	v0.20	pooled_nonbrain_tissues	all_available_stages	False
UBERON:0008450 polyA plus RNA-seq||psoas muscle||UBERON:0008450||encode	RBFOX1_del3|input|0	chr16:6010734-6027118:.	ENSG00000078328	RBFOX1	protein_coding	+	RNA_SEQ	GeneMaskLFCScorer(requested_output=RNA_SEQ)	UBERON:0008450 polyA plus RNA-seq	.	polyA plus RNA-seq	UBERON:0008450	psoas muscle	tissue	adult		encode	paired	False	-0.9123854	RBFOX1_del3	deletion_3bp	input	0	chr16	6018925	TCCG	T	Non-brain tissues	display_only_pool	-0.002919674	-0.000605344785	-0.002314329215	1	0	Non-brain tissue / other	nonbrain_control	rbfox1_16kb	v0.20	pooled_nonbrain_tissues	all_available_stages	False
UBERON:0008450 total RNA-seq||psoas muscle||UBERON:0008450||encode	RBFOX1_del3|input|0	chr16:6010734-6027118:.	ENSG00000078328	RBFOX1	protein_coding	+	RNA_SEQ	GeneMaskLFCScorer(requested_output=RNA_SEQ)	UBERON:0008450 total RNA-seq	.	total RNA-seq	UBERON:0008450	psoas muscle	tissue	adult		encode	single	False	-0.998202	RBFOX1_del3	deletion_3bp	input	0	chr16	6018925	TCCG	T	Non-brain tissues	display_only_pool	-0.012239933	-0.0045614243	-0.0076785086999999995	1	0	Non-brain tissue / other	nonbrain_control	rbfox1_16kb	v0.20	pooled_nonbrain_tissues	all_available_stages	False
UBERON:0008952 total RNA-seq||upper lobe of left lung||UBERON:0008952||encode	RBFOX1_del3|input|0	chr16:6010734-6027118:.	ENSG00000078328	RBFOX1	protein_coding	+	RNA_SEQ	GeneMaskLFCScorer(requested_output=RNA_SEQ)	UBERON:0008952 total RNA-seq	.	total RNA-seq	UBERON:0008952	upper lobe of left lung	tissue	adult		encode	paired	False	-0.9998321	RBFOX1_del3	deletion_3bp	input	0	chr16	6018925	TCCG	T	Non-brain tissues	display_only_pool	-0.054757595	-0.0173273085	-0.0374302865	1	0	Non-brain tissue / other	nonbrain_control	rbfox1_16kb	v0.20	pooled_nonbrain_tissues	all_available_stages	False
UBERON:0008953 total RNA-seq||lower lobe of left lung||UBERON:0008953||encode	RBFOX1_del3|input|0	chr16:6010734-6027118:.	ENSG00000078328	RBFOX1	protein_coding	+	RNA_SEQ	GeneMaskLFCScorer(requested_output=RNA_SEQ)	UBERON:0008953 total RNA-seq	.	total RNA-seq	UBERON:0008953	lower lobe of left lung	tissue	adult		encode	single	False	-0.9997942	RBFOX1_del3	deletion_3bp	input	0	chr16	6018925	TCCG	T	Non-brain tissues	display_only_pool	-0.050072193	-0.0064210892	-0.0436511038	1	0	Non-brain tissue / other	nonbrain_control	rbfox1_16kb	v0.20	pooled_nonbrain_tissues	all_available_stages	False
UBERON:0008971 total RNA-seq||left colon||UBERON:0008971||encode	RBFOX1_del3|input|0	chr16:6010734-6027118:.	ENSG00000078328	RBFOX1	protein_coding	+	RNA_SEQ	GeneMaskLFCScorer(requested_output=RNA_SEQ)	UBERON:0008971 total RNA-seq	.	total RNA-seq	UBERON:0008971	left colon	tissue	adult		encode	single	False	0.9986286	RBFOX1_del3	deletion_3bp	input	0	chr16	6018925	TCCG	T	Non-brain tissues	display_only_pool	0.0151872635	-0.005535841	0.0207231045	1	0	Non-brain tissue / other	nonbrain_control	rbfox1_16kb	v0.20	pooled_nonbrain_tissues	all_available_stages	False
UBERON:0009834 total RNA-seq||dorsolateral prefrontal cortex||UBERON:0009834||encode	RBFOX1_del3|input|0	chr16:6010734-6027118:.	ENSG00000078328	RBFOX1	protein_coding	+	RNA_SEQ	GeneMaskLFCScorer(requested_output=RNA_SEQ)	UBERON:0009834 total RNA-seq	.	total RNA-seq	UBERON:0009834	dorsolateral prefrontal cortex	tissue	adult		encode	single	False	0.97502923	RBFOX1_del3	deletion_3bp	input	0	chr16	6018925	TCCG	T	Cerebral cortex	brain9_primary	0.0044076443	-0.0058891772	0.010296821500000001	1	0	Cortex / frontal cortex	brain_primary	rbfox1_16kb	v0.20	adult__brain__cerebral_cortex	adult	True
UBERON:0010414 total RNA-seq||omental fat pad||UBERON:0010414||encode	RBFOX1_del3|input|0	chr16:6010734-6027118:.	ENSG00000078328	RBFOX1	protein_coding	+	RNA_SEQ	GeneMaskLFCScorer(requested_output=RNA_SEQ)	UBERON:0010414 total RNA-seq	.	total RNA-seq	UBERON:0010414	omental fat pad	tissue	adult		encode	paired	False	-0.9994864	RBFOX1_del3	deletion_3bp	input	0	chr16	6018925	TCCG	T	Non-brain tissues	display_only_pool	-0.026601315	-0.004637002899999999	-0.0219643121	1	0	Non-brain tissue / other	nonbrain_control	rbfox1_16kb	v0.20	pooled_nonbrain_tissues	all_available_stages	False
UBERON:0011907 total RNA-seq||gastrocnemius medialis||UBERON:0011907||encode	RBFOX1_del3|input|0	chr16:6010734-6027118:.	ENSG00000078328	RBFOX1	protein_coding	+	RNA_SEQ	GeneMaskLFCScorer(requested_output=RNA_SEQ)	UBERON:0011907 total RNA-seq	.	total RNA-seq	UBERON:0011907	gastrocnemius medialis	tissue	adult		encode	paired	False	-0.99826187	RBFOX1_del3	deletion_3bp	input	0	chr16	6018925	TCCG	T	Non-brain tissues	display_only_pool	-0.012078762	-0.00674343115	-0.00533533085	1	0	Non-brain tissue / other	nonbrain_control	rbfox1_16kb	v0.20	pooled_nonbrain_tissues	all_available_stages	False
UBERON:0015143 total RNA-seq||mesenteric fat pad||UBERON:0015143||encode	RBFOX1_del3|input|0	chr16:6010734-6027118:.	ENSG00000078328	RBFOX1	protein_coding	+	RNA_SEQ	GeneMaskLFCScorer(requested_output=RNA_SEQ)	UBERON:0015143 total RNA-seq	.	total RNA-seq	UBERON:0015143	mesenteric fat pad	tissue	adult		encode	single	False	-0.99934894	RBFOX1_del3	deletion_3bp	input	0	chr16	6018925	TCCG	T	Non-brain tissues	display_only_pool	-0.022047043	-0.0017001629	-0.0203468801	1	0	Non-brain tissue / other	nonbrain_control	rbfox1_16kb	v0.20	pooled_nonbrain_tissues	all_available_stages	False
UBERON:0036149 total RNA-seq||suprapubic skin||UBERON:0036149||encode	RBFOX1_del3|input|0	chr16:6010734-6027118:.	ENSG00000078328	RBFOX1	protein_coding	+	RNA_SEQ	GeneMaskLFCScorer(requested_output=RNA_SEQ)	UBERON:0036149 total RNA-seq	.	total RNA-seq	UBERON:0036149	suprapubic skin	tissue	adult		encode	paired	False	0.99990237	RBFOX1_del3	deletion_3bp	input	0	chr16	6018925	TCCG	T	Non-brain tissues	display_only_pool	0.073595524	-0.01239871975	0.08599424374999999	1	0	Non-brain tissue / other	nonbrain_control	rbfox1_16kb	v0.20	pooled_nonbrain_tissues	all_available_stages	False
UBERON:1000010 polyA plus RNA-seq||mole||UBERON:1000010||encode	RBFOX1_del3|input|0	chr16:6010734-6027118:.	ENSG00000078328	RBFOX1	protein_coding	+	RNA_SEQ	GeneMaskLFCScorer(requested_output=RNA_SEQ)	UBERON:1000010 polyA plus RNA-seq	.	polyA plus RNA-seq	UBERON:1000010	mole	tissue	unknown		encode	paired	False	-0.9988422	RBFOX1_del3	deletion_3bp	input	0	chr16	6018925	TCCG	T	Non-brain tissues	display_only_pool	-0.014713764	-0.00150942805	-0.01320433595	1	0	Non-brain tissue / other	nonbrain_control	rbfox1_16kb	v0.20	pooled_nonbrain_tissues	all_available_stages	False
CL:0000100 total RNA-seq||motor neuron||CL:0000100||encode	RBFOX1_del3|input|0	chr16:6010734-6027118:.	ENSG00000078328	RBFOX1	protein_coding	+	RNA_SEQ	GeneMaskLFCScorer(requested_output=RNA_SEQ)	CL:0000100 total RNA-seq	.	total RNA-seq	CL:0000100	motor neuron	in_vitro_differentiated_cells	adult		encode	paired	False	0.99956644	RBFOX1_del3	deletion_3bp	input	0	chr16	6018925	TCCG	T	Cells & cell lines	display_only_pool	0.019067764	0.00777328015	0.011294483850000002	1	0	Neural / glial cells	brain_primary	rbfox1_16kb	v0.20	pooled_cells_cell_lines	all_available_stages	False
CL:0000121 polyA plus RNA-seq||Purkinje cell||CL:0000121||encode	RBFOX1_del3|input|0	chr16:6010734-6027118:.	ENSG00000078328	RBFOX1	protein_coding	+	RNA_SEQ	GeneMaskLFCScorer(requested_output=RNA_SEQ)	CL:0000121 polyA plus RNA-seq	.	polyA plus RNA-seq	CL:0000121	Purkinje cell	primary_cell	child		encode	single	False	0.9973013	RBFOX1_del3	deletion_3bp	input	0	chr16	6018925	TCCG	T	Cells & cell lines	display_only_pool	0.011440754	0.007382631299999999	0.0040581227	1	0	Neural / glial cells	brain_primary	rbfox1_16kb	v0.20	pooled_cells_cell_lines	all_available_stages	False
CL:0000182 polyA plus RNA-seq||hepatocyte||CL:0000182||encode	RBFOX1_del3|input|0	chr16:6010734-6027118:.	ENSG00000078328	RBFOX1	protein_coding	+	RNA_SEQ	GeneMaskLFCScorer(requested_output=RNA_SEQ)	CL:0000182 polyA plus RNA-seq	.	polyA plus RNA-seq	CL:0000182	hepatocyte	in_vitro_differentiated_cells	embryonic		encode	single	False	-0.99982625	RBFOX1_del3	deletion_3bp	input	0	chr16	6018925	TCCG	T	Cells & cell lines	display_only_pool	-0.065312386	0.0025150776	-0.0678274636	1	0	In vitro non-neural	nonbrain_control	rbfox1_16kb	v0.20	pooled_cells_cell_lines	all_available_stages	False
CL:0000187 polyA plus RNA-seq||myocyte||CL:0000187||encode	RBFOX1_del3|input|0	chr16:6010734-6027118:.	ENSG00000078328	RBFOX1	protein_coding	+	RNA_SEQ	GeneMaskLFCScorer(requested_output=RNA_SEQ)	CL:0000187 polyA plus RNA-seq	.	polyA plus RNA-seq	CL:0000187	myocyte	in_vitro_differentiated_cells	adult		encode	paired	False	-0.9994504	RBFOX1_del3	deletion_3bp	input	0	chr16	6018925	TCCG	T	Cells & cell lines	display_only_pool	-0.02918768	0.00031375885	-0.02950143885	1	0	In vitro non-neural	nonbrain_control	rbfox1_16kb	v0.20	pooled_cells_cell_lines	all_available_stages	False
CL:0000192 polyA plus RNA-seq||smooth muscle cell||CL:0000192||encode	RBFOX1_del3|input|0	chr16:6010734-6027118:.	ENSG00000078328	RBFOX1	protein_coding	+	RNA_SEQ	GeneMaskLFCScorer(requested_output=RNA_SEQ)	CL:0000192 polyA plus RNA-seq	.	polyA plus RNA-seq	CL:0000192	smooth muscle cell	in_vitro_differentiated_cells	embryonic		encode	single	False	-0.9998719	RBFOX1_del3	deletion_3bp	input	0	chr16	6018925	TCCG	T	Cells & cell lines	display_only_pool	-0.073797226	0.0068449975	-0.0806422235	1	0	In vitro non-neural	nonbrain_control	rbfox1_16kb	v0.20	pooled_cells_cell_lines	all_available_stages	False
CL:0000624 polyA plus RNA-seq||CD4-positive, alpha-beta T cell||CL:0000624||encode	RBFOX1_del3|input|0	chr16:6010734-6027118:.	ENSG00000078328	RBFOX1	protein_coding	+	RNA_SEQ	GeneMaskLFCScorer(requested_output=RNA_SEQ)	CL:0000624 polyA plus RNA-seq	.	polyA plus RNA-seq	CL:0000624	CD4-positive, alpha-beta T cell	primary_cell	adult		encode	paired	False	-0.9988023	RBFOX1_del3	deletion_3bp	input	0	chr16	6018925	TCCG	T	Cells & cell lines	display_only_pool	-0.017211914	-0.0536603925	0.036448478500000006	1	0	Primary non-brain cell	nonbrain_control	rbfox1_16kb	v0.20	pooled_cells_cell_lines	all_available_stages	False
CL:0000625 polyA plus RNA-seq||CD8-positive, alpha-beta T cell||CL:0000625||encode	RBFOX1_del3|input|0	chr16:6010734-6027118:.	ENSG00000078328	RBFOX1	protein_coding	+	RNA_SEQ	GeneMaskLFCScorer(requested_output=RNA_SEQ)	CL:0000625 polyA plus RNA-seq	.	polyA plus RNA-seq	CL:0000625	CD8-positive, alpha-beta T cell	primary_cell	adult		encode	paired	False	-0.99908656	RBFOX1_del3	deletion_3bp	input	0	chr16	6018925	TCCG	T	Cells & cell lines	display_only_pool	-0.021416664	-0.0598807325	0.038464068500000004	1	0	Primary non-brain cell	nonbrain_control	rbfox1_16kb	v0.20	pooled_cells_cell_lines	all_available_stages	False
CL:0000746 polyA plus RNA-seq||cardiac muscle cell||CL:0000746||encode	RBFOX1_del3|input|0	chr16:6010734-6027118:.	ENSG00000078328	RBFOX1	protein_coding	+	RNA_SEQ	GeneMaskLFCScorer(requested_output=RNA_SEQ)	CL:0000746 polyA plus RNA-seq	.	polyA plus RNA-seq	CL:0000746	cardiac muscle cell	in_vitro_differentiated_cells	embryonic		encode	single	False	-0.99998486	RBFOX1_del3	deletion_3bp	input	0	chr16	6018925	TCCG	T	Cells & cell lines	display_only_pool	-0.23039055	0.00620102875	-0.23659157875	1	0	In vitro non-neural	nonbrain_control	rbfox1_16kb	v0.20	pooled_cells_cell_lines	all_available_stages	False
CL:0000788 polyA plus RNA-seq||naive B cell||CL:0000788||encode	RBFOX1_del3|input|0	chr16:6010734-6027118:.	ENSG00000078328	RBFOX1	protein_coding	+	RNA_SEQ	GeneMaskLFCScorer(requested_output=RNA_SEQ)	CL:0000788 polyA plus RNA-seq	.	polyA plus RNA-seq	CL:0000788	naive B cell	primary_cell	unknown		encode	paired	False	-0.99089086	RBFOX1_del3	deletion_3bp	input	0	chr16	6018925	TCCG	T	Cells & cell lines	display_only_pool	-0.008183956	-0.0181519985	0.0099680425	1	0	Primary non-brain cell	nonbrain_control	rbfox1_16kb	v0.20	pooled_cells_cell_lines	all_available_stages	False
CL:0000792 polyA plus RNA-seq||CD4-positive, CD25-positive, alpha-beta regulatory T cell||CL:0000792||encode	RBFOX1_del3|input|0	chr16:6010734-6027118:.	ENSG00000078328	RBFOX1	protein_coding	+	RNA_SEQ	GeneMaskLFCScorer(requested_output=RNA_SEQ)	CL:0000792 polyA plus RNA-seq	.	polyA plus RNA-seq	CL:0000792	CD4-positive, CD25-positive, alpha-beta regulatory T cell	primary_cell	unknown		encode	paired	False	-0.993716	RBFOX1_del3	deletion_3bp	input	0	chr16	6018925	TCCG	T	Cells & cell lines	display_only_pool	-0.009188175	-0.021806717	0.012618542	1	0	Primary non-brain cell	nonbrain_control	rbfox1_16kb	v0.20	pooled_cells_cell_lines	all_available_stages	False
CL:0000823 polyA plus RNA-seq||immature natural killer cell||CL:0000823||encode	RBFOX1_del3|input|0	chr16:6010734-6027118:.	ENSG00000078328	RBFOX1	protein_coding	+	RNA_SEQ	GeneMaskLFCScorer(requested_output=RNA_SEQ)	CL:0000823 polyA plus RNA-seq	.	polyA plus RNA-seq	CL:0000823	immature natural killer cell	primary_cell	unknown		encode	paired	False	-0.9986743	RBFOX1_del3	deletion_3bp	input	0	chr16	6018925	TCCG	T	Cells & cell lines	display_only_pool	-0.017415524	-0.0268366335	0.009421109499999997	1	0	Primary non-brain cell	nonbrain_control	rbfox1_16kb	v0.20	pooled_cells_cell_lines	all_available_stages	False
CL:0000895 polyA plus RNA-seq||naive thymus-derived CD4-positive, alpha-beta T cell||CL:0000895||encode	RBFOX1_del3|input|0	chr16:6010734-6027118:.	ENSG00000078328	RBFOX1	protein_coding	+	RNA_SEQ	GeneMaskLFCScorer(requested_output=RNA_SEQ)	CL:0000895 polyA plus RNA-seq	.	polyA plus RNA-seq	CL:0000895	naive thymus-derived CD4-positive, alpha-beta T cell	primary_cell	unknown		encode	paired	False	-0.99581087	RBFOX1_del3	deletion_3bp	input	0	chr16	6018925	TCCG	T	Cells & cell lines	display_only_pool	-0.010481834	-0.026066303	0.015584468999999998	1	0	Primary non-brain cell	nonbrain_control	rbfox1_16kb	v0.20	pooled_cells_cell_lines	all_available_stages	False
CL:0000897 polyA plus RNA-seq||CD4-positive, alpha-beta memory T cell||CL:0000897||encode	RBFOX1_del3|input|0	chr16:6010734-6027118:.	ENSG00000078328	RBFOX1	protein_coding	+	RNA_SEQ	GeneMaskLFCScorer(requested_output=RNA_SEQ)	CL:0000897 polyA plus RNA-seq	.	polyA plus RNA-seq	CL:0000897	CD4-positive, alpha-beta memory T cell	primary_cell	unknown		encode	paired	False	-0.9902553	RBFOX1_del3	deletion_3bp	input	0	chr16	6018925	TCCG	T	Cells & cell lines	display_only_pool	-0.008223534	-0.020650625	0.012427091	1	0	Primary non-brain cell	nonbrain_control	rbfox1_16kb	v0.20	pooled_cells_cell_lines	all_available_stages	False
CL:0000900 polyA plus RNA-seq||naive thymus-derived CD8-positive, alpha-beta T cell||CL:0000900||encode	RBFOX1_del3|input|0	chr16:6010734-6027118:.	ENSG00000078328	RBFOX1	protein_coding	+	RNA_SEQ	GeneMaskLFCScorer(requested_output=RNA_SEQ)	CL:0000900 polyA plus RNA-seq	.	polyA plus RNA-seq	CL:0000900	naive thymus-derived CD8-positive, alpha-beta T cell	primary_cell	unknown		encode	paired	False	-0.9946926	RBFOX1_del3	deletion_3bp	input	0	chr16	6018925	TCCG	T	Cells & cell lines	display_only_pool	-0.009823322	-0.02692461	0.017101288	1	0	Primary non-brain cell	nonbrain_control	rbfox1_16kb	v0.20	pooled_cells_cell_lines	all_available_stages	False
CL:0000909 polyA plus RNA-seq||CD8-positive, alpha-beta memory T cell||CL:0000909||encode	RBFOX1_del3|input|0	chr16:6010734-6027118:.	ENSG00000078328	RBFOX1	protein_coding	+	RNA_SEQ	GeneMaskLFCScorer(requested_output=RNA_SEQ)	CL:0000909 polyA plus RNA-seq	.	polyA plus RNA-seq	CL:0000909	CD8-positive, alpha-beta memory T cell	primary_cell	unknown		encode	paired	False	-0.99551785	RBFOX1_del3	deletion_3bp	input	0	chr16	6018925	TCCG	T	Cells & cell lines	display_only_pool	-0.010447502	-0.0227415565	0.0122940545	1	0	Primary non-brain cell	nonbrain_control	rbfox1_16kb	v0.20	pooled_cells_cell_lines	all_available_stages	False
CL:0001053 polyA plus RNA-seq||IgD-negative memory B cell||CL:0001053||encode	RBFOX1_del3|input|0	chr16:6010734-6027118:.	ENSG00000078328	RBFOX1	protein_coding	+	RNA_SEQ	GeneMaskLFCScorer(requested_output=RNA_SEQ)	CL:0001053 polyA plus RNA-seq	.	polyA plus RNA-seq	CL:0001053	IgD-negative memory B cell	primary_cell	unknown		encode	paired	False	-0.9939247	RBFOX1_del3	deletion_3bp	input	0	chr16	6018925	TCCG	T	Cells & cell lines	display_only_pool	-0.009647846	-0.0236337185	0.013985872500000001	1	0	Primary non-brain cell	nonbrain_control	rbfox1_16kb	v0.20	pooled_cells_cell_lines	all_available_stages	False
CL:0001059 polyA plus RNA-seq||common myeloid progenitor, CD34-positive||CL:0001059||encode	RBFOX1_del3|input|0	chr16:6010734-6027118:.	ENSG00000078328	RBFOX1	protein_coding	+	RNA_SEQ	GeneMaskLFCScorer(requested_output=RNA_SEQ)	CL:0001059 polyA plus RNA-seq	.	polyA plus RNA-seq	CL:0001059	common myeloid progenitor, CD34-positive	primary_cell	adult		encode	paired	False	-0.9979413	RBFOX1_del3	deletion_3bp	input	0	chr16	6018925	TCCG	T	Cells & cell lines	display_only_pool	-0.013854027	-0.010082483	-0.003771544	1	0	Primary non-brain cell	nonbrain_control	rbfox1_16kb	v0.20	pooled_cells_cell_lines	all_available_stages	False
CL:0011022 polyA plus RNA-seq||fibroblast of skin of back||CL:0011022||encode	RBFOX1_del3|input|0	chr16:6010734-6027118:.	ENSG00000078328	RBFOX1	protein_coding	+	RNA_SEQ	GeneMaskLFCScorer(requested_output=RNA_SEQ)	CL:0011022 polyA plus RNA-seq	.	polyA plus RNA-seq	CL:0011022	fibroblast of skin of back	primary_cell	embryonic		encode	single	False	-0.9998077	RBFOX1_del3	deletion_3bp	input	0	chr16	6018925	TCCG	T	Cells & cell lines	display_only_pool	-0.051838398	0.0024268627499999997	-0.05426526075	1	0	Primary non-brain cell	nonbrain_control	rbfox1_16kb	v0.20	pooled_cells_cell_lines	all_available_stages	False
CL:2000013 polyA plus RNA-seq||fibroblast of skin of abdomen||CL:2000013||encode	RBFOX1_del3|input|0	chr16:6010734-6027118:.	ENSG00000078328	RBFOX1	protein_coding	+	RNA_SEQ	GeneMaskLFCScorer(requested_output=RNA_SEQ)	CL:2000013 polyA plus RNA-seq	.	polyA plus RNA-seq	CL:2000013	fibroblast of skin of abdomen	primary_cell	embryonic		encode	single	False	-0.999691	RBFOX1_del3	deletion_3bp	input	0	chr16	6018925	TCCG	T	Cells & cell lines	display_only_pool	-0.038788795	0.0049574375	-0.0437462325	1	0	Primary non-brain cell	nonbrain_control	rbfox1_16kb	v0.20	pooled_cells_cell_lines	all_available_stages	False
CLO:0007045 polyA plus RNA-seq||Jurkat, Clone E6-1||CLO:0007045||encode	RBFOX1_del3|input|0	chr16:6010734-6027118:.	ENSG00000078328	RBFOX1	protein_coding	+	RNA_SEQ	GeneMaskLFCScorer(requested_output=RNA_SEQ)	CLO:0007045 polyA plus RNA-seq	.	polyA plus RNA-seq	CLO:0007045	Jurkat, Clone E6-1	cell_line	child		encode	single	False	-0.9994864	RBFOX1_del3	deletion_3bp	input	0	chr16	6018925	TCCG	T	Cells & cell lines	display_only_pool	-0.032776833	-0.025922775000000002	-0.006854057999999996	1	0	Non-brain cell line	nonbrain_control	rbfox1_16kb	v0.20	pooled_cells_cell_lines	all_available_stages	False
EFO:0000572 gtex Cells_EBV-transformed_lymphocytes polyA plus RNA-seq||lymphoblast||EFO:0000572||gtex	RBFOX1_del3|input|0	chr16:6010734-6027118:.	ENSG00000078328	RBFOX1	protein_coding	+	RNA_SEQ	GeneMaskLFCScorer(requested_output=RNA_SEQ)	EFO:0000572 gtex Cells_EBV-transformed_lymphocytes polyA plus RNA-seq	.	polyA plus RNA-seq	EFO:0000572	lymphoblast	tissue	adult	Cells_EBV-transformed_lymphocytes	gtex	paired	False	-0.99914634	RBFOX1_del3	deletion_3bp	input	0	chr16	6018925	TCCG	T	Cells & cell lines	display_only_pool	-0.024542332	-0.023299932500000002	-0.001242399499999998	1	0	Non-brain tissue / other	nonbrain_control	rbfox1_16kb	v0.20	pooled_cells_cell_lines	all_available_stages	False
EFO:0002009 gtex Cells_Cultured_fibroblasts polyA plus RNA-seq||fibroblast derived cell line||EFO:0002009||gtex	RBFOX1_del3|input|0	chr16:6010734-6027118:.	ENSG00000078328	RBFOX1	protein_coding	+	RNA_SEQ	GeneMaskLFCScorer(requested_output=RNA_SEQ)	EFO:0002009 gtex Cells_Cultured_fibroblasts polyA plus RNA-seq	.	polyA plus RNA-seq	EFO:0002009	fibroblast derived cell line	tissue	adult	Cells_Cultured_fibroblasts	gtex	paired	False	-0.9968039	RBFOX1_del3	deletion_3bp	input	0	chr16	6018925	TCCG	T	Cells & cell lines	display_only_pool	-0.010789394	0.003251791	-0.014041185000000001	1	0	Non-brain tissue / other	nonbrain_control	rbfox1_16kb	v0.20	pooled_cells_cell_lines	all_available_stages	False
EFO:0002713 polyA plus RNA-seq||Panc1||EFO:0002713||encode	RBFOX1_del3|input|0	chr16:6010734-6027118:.	ENSG00000078328	RBFOX1	protein_coding	+	RNA_SEQ	GeneMaskLFCScorer(requested_output=RNA_SEQ)	EFO:0002713 polyA plus RNA-seq	.	polyA plus RNA-seq	EFO:0002713	Panc1	cell_line	adult		encode	single	False	-0.98438704	RBFOX1_del3	deletion_3bp	input	0	chr16	6018925	TCCG	T	Cells & cell lines	display_only_pool	-0.00633049	0.020251274	-0.026581764	1	0	Non-brain cell line	nonbrain_control	rbfox1_16kb	v0.20	pooled_cells_cell_lines	all_available_stages	False
EFO:0002785 polyA plus RNA-seq||GM12891||EFO:0002785||encode	RBFOX1_del3|input|0	chr16:6010734-6027118:.	ENSG00000078328	RBFOX1	protein_coding	+	RNA_SEQ	GeneMaskLFCScorer(requested_output=RNA_SEQ)	EFO:0002785 polyA plus RNA-seq	.	polyA plus RNA-seq	EFO:0002785	GM12891	cell_line	unknown		encode	paired	False	-0.99826187	RBFOX1_del3	deletion_3bp	input	0	chr16	6018925	TCCG	T	Cells & cell lines	display_only_pool	-0.014292717	-0.0135645865	-0.0007281305000000002	1	0	Non-brain cell line	nonbrain_control	rbfox1_16kb	v0.20	pooled_cells_cell_lines	all_available_stages	False
EFO:0002786 polyA plus RNA-seq||GM12892||EFO:0002786||encode	RBFOX1_del3|input|0	chr16:6010734-6027118:.	ENSG00000078328	RBFOX1	protein_coding	+	RNA_SEQ	GeneMaskLFCScorer(requested_output=RNA_SEQ)	EFO:0002786 polyA plus RNA-seq	.	polyA plus RNA-seq	EFO:0002786	GM12892	cell_line	unknown		encode	paired	False	-0.9979413	RBFOX1_del3	deletion_3bp	input	0	chr16	6018925	TCCG	T	Cells & cell lines	display_only_pool	-0.013045311	-0.0124332905	-0.000612020500000001	1	0	Non-brain cell line	nonbrain_control	rbfox1_16kb	v0.20	pooled_cells_cell_lines	all_available_stages	False
EFO:0002824 polyA plus RNA-seq||HCT116||EFO:0002824||encode	RBFOX1_del3|input|0	chr16:6010734-6027118:.	ENSG00000078328	RBFOX1	protein_coding	+	RNA_SEQ	GeneMaskLFCScorer(requested_output=RNA_SEQ)	EFO:0002824 polyA plus RNA-seq	.	polyA plus RNA-seq	EFO:0002824	HCT116	cell_line	adult		encode	paired	False	0.9065298	RBFOX1_del3	deletion_3bp	input	0	chr16	6018925	TCCG	T	Cells & cell lines	display_only_pool	0.0027575493	0.0037469864	-0.0009894371000000002	1	0	Non-brain cell line	nonbrain_control	rbfox1_16kb	v0.20	pooled_cells_cell_lines	all_available_stages	False
EFO:0005234 polyA plus RNA-seq||PFSK-1||EFO:0005234||encode	RBFOX1_del3|input|0	chr16:6010734-6027118:.	ENSG00000078328	RBFOX1	protein_coding	+	RNA_SEQ	GeneMaskLFCScorer(requested_output=RNA_SEQ)	EFO:0005234 polyA plus RNA-seq	.	polyA plus RNA-seq	EFO:0005234	PFSK-1	cell_line	child		encode	single	False	0.9614764	RBFOX1_del3	deletion_3bp	input	0	chr16	6018925	TCCG	T	Cells & cell lines	display_only_pool	0.0046081543	0.0339818	-0.0293736457	1	0	Non-brain cell line	nonbrain_control	rbfox1_16kb	v0.20	pooled_cells_cell_lines	all_available_stages	False
EFO:0005237 polyA plus RNA-seq||U-87 MG||EFO:0005237||encode	RBFOX1_del3|input|0	chr16:6010734-6027118:.	ENSG00000078328	RBFOX1	protein_coding	+	RNA_SEQ	GeneMaskLFCScorer(requested_output=RNA_SEQ)	EFO:0005237 polyA plus RNA-seq	.	polyA plus RNA-seq	EFO:0005237	U-87 MG	cell_line	adult		encode	single	False	-0.9984297	RBFOX1_del3	deletion_3bp	input	0	chr16	6018925	TCCG	T	Cells & cell lines	display_only_pool	-0.01615858	0.028617143499999997	-0.044775723499999996	1	0	Non-brain cell line	nonbrain_control	rbfox1_16kb	v0.20	pooled_cells_cell_lines	all_available_stages	False
EFO:0005714 polyA plus RNA-seq||LHCN-M2||EFO:0005714||encode	RBFOX1_del3|input|0	chr16:6010734-6027118:.	ENSG00000078328	RBFOX1	protein_coding	+	RNA_SEQ	GeneMaskLFCScorer(requested_output=RNA_SEQ)	EFO:0005714 polyA plus RNA-seq	.	polyA plus RNA-seq	EFO:0005714	LHCN-M2	cell_line	adult		encode	paired	False	-0.99858135	RBFOX1_del3	deletion_3bp	input	0	chr16	6018925	TCCG	T	Cells & cell lines	display_only_pool	-0.014680386	0.0015909672	-0.0162713532	1	0	Non-brain cell line	nonbrain_control	rbfox1_16kb	v0.20	pooled_cells_cell_lines	all_available_stages	False
EFO:0005723 polyA plus RNA-seq||GM23248||EFO:0005723||encode	RBFOX1_del3|input|0	chr16:6010734-6027118:.	ENSG00000078328	RBFOX1	protein_coding	+	RNA_SEQ	GeneMaskLFCScorer(requested_output=RNA_SEQ)	EFO:0005723 polyA plus RNA-seq	.	polyA plus RNA-seq	EFO:0005723	GM23248	cell_line	adult		encode	single	False	-0.99922884	RBFOX1_del3	deletion_3bp	input	0	chr16	6018925	TCCG	T	Cells & cell lines	display_only_pool	-0.020918846	0.00156354905	-0.022482395050000003	1	0	Non-brain cell line	nonbrain_control	rbfox1_16kb	v0.20	pooled_cells_cell_lines	all_available_stages	False
EFO:0005725 polyA plus RNA-seq||BE2C||EFO:0005725||encode	RBFOX1_del3|input|0	chr16:6010734-6027118:.	ENSG00000078328	RBFOX1	protein_coding	+	RNA_SEQ	GeneMaskLFCScorer(requested_output=RNA_SEQ)	EFO:0005725 polyA plus RNA-seq	.	polyA plus RNA-seq	EFO:0005725	BE2C	cell_line	child		encode	single	False	0.9997209	RBFOX1_del3	deletion_3bp	input	0	chr16	6018925	TCCG	T	Cells & cell lines	display_only_pool	0.04131913	0.061085939500000005	-0.019766809500000003	1	0	Non-brain cell line	nonbrain_control	rbfox1_16kb	v0.20	pooled_cells_cell_lines	all_available_stages	False
EFO:0007950 polyA plus RNA-seq||GM23338||EFO:0007950||encode	RBFOX1_del3|input|0	chr16:6010734-6027118:.	ENSG00000078328	RBFOX1	protein_coding	+	RNA_SEQ	GeneMaskLFCScorer(requested_output=RNA_SEQ)	EFO:0007950 polyA plus RNA-seq	.	polyA plus RNA-seq	EFO:0007950	GM23338	cell_line	adult		encode	single	False	0.9984297	RBFOX1_del3	deletion_3bp	input	0	chr16	6018925	TCCG	T	Cells & cell lines	display_only_pool	0.014359951	0.0168178085	-0.0024578575000000005	1	0	Non-brain cell line	nonbrain_control	rbfox1_16kb	v0.20	pooled_cells_cell_lines	all_available_stages	False
NTR:0000524 polyA plus RNA-seq||fibroblast of skin of scalp||NTR:0000524||encode	RBFOX1_del3|input|0	chr16:6010734-6027118:.	ENSG00000078328	RBFOX1	protein_coding	+	RNA_SEQ	GeneMaskLFCScorer(requested_output=RNA_SEQ)	NTR:0000524 polyA plus RNA-seq	.	polyA plus RNA-seq	NTR:0000524	fibroblast of skin of scalp	primary_cell	embryonic		encode	single	False	-0.9997112	RBFOX1_del3	deletion_3bp	input	0	chr16	6018925	TCCG	T	Cells & cell lines	display_only_pool	-0.040326595	0.0030755997	-0.0434021947	1	0	Primary non-brain cell	nonbrain_control	rbfox1_16kb	v0.20	pooled_cells_cell_lines	all_available_stages	False
UBERON:0000007 gtex Pituitary polyA plus RNA-seq||pituitary gland||UBERON:0000007||gtex	RBFOX1_del3|input|0	chr16:6010734-6027118:.	ENSG00000078328	RBFOX1	protein_coding	+	RNA_SEQ	GeneMaskLFCScorer(requested_output=RNA_SEQ)	UBERON:0000007 gtex Pituitary polyA plus RNA-seq	.	polyA plus RNA-seq	UBERON:0000007	pituitary gland	tissue	adult	Pituitary	gtex	paired	False	0.9998077	RBFOX1_del3	deletion_3bp	input	0	chr16	6018925	TCCG	T	Non-brain tissues	display_only_pool	0.056964397	0.010020733	0.046943663999999996	1	0	Non-brain tissue / other	nonbrain_control	rbfox1_16kb	v0.20	pooled_nonbrain_tissues	all_available_stages	False
UBERON:0000059 polyA plus RNA-seq||large intestine||UBERON:0000059||encode	RBFOX1_del3|input|0	chr16:6010734-6027118:.	ENSG00000078328	RBFOX1	protein_coding	+	RNA_SEQ	GeneMaskLFCScorer(requested_output=RNA_SEQ)	UBERON:0000059 polyA plus RNA-seq	.	polyA plus RNA-seq	UBERON:0000059	large intestine	tissue	embryonic		encode	paired	False	-0.9939247	RBFOX1_del3	deletion_3bp	input	0	chr16	6018925	TCCG	T	Non-brain tissues	display_only_pool	-0.008234978	0.0112376215	-0.0194725995	1	0	Non-brain tissue / other	nonbrain_control	rbfox1_16kb	v0.20	pooled_nonbrain_tissues	all_available_stages	False
UBERON:0000458 gtex Cervix_Endocervix polyA plus RNA-seq||endocervix||UBERON:0000458||gtex	RBFOX1_del3|input|0	chr16:6010734-6027118:.	ENSG00000078328	RBFOX1	protein_coding	+	RNA_SEQ	GeneMaskLFCScorer(requested_output=RNA_SEQ)	UBERON:0000458 gtex Cervix_Endocervix polyA plus RNA-seq	.	polyA plus RNA-seq	UBERON:0000458	endocervix	tissue	adult	Cervix_Endocervix	gtex	paired	False	-0.99980104	RBFOX1_del3	deletion_3bp	input	0	chr16	6018925	TCCG	T	Non-brain tissues	display_only_pool	-0.06429386	0.015592575000000001	-0.07988643499999999	1	0	Non-brain tissue / other	nonbrain_control	rbfox1_16kb	v0.20	pooled_nonbrain_tissues	all_available_stages	False
UBERON:0000473 gtex Testis polyA plus RNA-seq||testis||UBERON:0000473||gtex	RBFOX1_del3|input|0	chr16:6010734-6027118:.	ENSG00000078328	RBFOX1	protein_coding	+	RNA_SEQ	GeneMaskLFCScorer(requested_output=RNA_SEQ)	UBERON:0000473 gtex Testis polyA plus RNA-seq	.	polyA plus RNA-seq	UBERON:0000473	testis	tissue	adult	Testis	gtex	paired	False	0.99922884	RBFOX1_del3	deletion_3bp	input	0	chr16	6018925	TCCG	T	Non-brain tissues	display_only_pool	0.02270317	0.012344121999999999	0.010359048000000003	1	0	Non-brain tissue / other	nonbrain_control	rbfox1_16kb	v0.20	pooled_nonbrain_tissues	all_available_stages	False
UBERON:0000945 gtex Stomach polyA plus RNA-seq||stomach||UBERON:0000945||gtex	RBFOX1_del3|input|0	chr16:6010734-6027118:.	ENSG00000078328	RBFOX1	protein_coding	+	RNA_SEQ	GeneMaskLFCScorer(requested_output=RNA_SEQ)	UBERON:0000945 gtex Stomach polyA plus RNA-seq	.	polyA plus RNA-seq	UBERON:0000945	stomach	tissue	adult	Stomach	gtex	paired	False	-0.9997562	RBFOX1_del3	deletion_3bp	input	0	chr16	6018925	TCCG	T	Non-brain tissues	display_only_pool	-0.05377674	0.010349989	-0.06412672900000001	1	0	Non-brain tissue / other	nonbrain_control	rbfox1_16kb	v0.20	pooled_nonbrain_tissues	all_available_stages	False
UBERON:0000992 gtex Ovary polyA plus RNA-seq||ovary||UBERON:0000992||gtex	RBFOX1_del3|input|0	chr16:6010734-6027118:.	ENSG00000078328	RBFOX1	protein_coding	+	RNA_SEQ	GeneMaskLFCScorer(requested_output=RNA_SEQ)	UBERON:0000992 gtex Ovary polyA plus RNA-seq	.	polyA plus RNA-seq	UBERON:0000992	ovary	tissue	adult	Ovary	gtex	paired	False	-0.99934894	RBFOX1_del3	deletion_3bp	input	0	chr16	6018925	TCCG	T	Non-brain tissues	display_only_pool	-0.02801609	0.01880002	-0.04681611	1	0	Non-brain tissue / other	nonbrain_control	rbfox1_16kb	v0.20	pooled_nonbrain_tissues	all_available_stages	False
UBERON:0000995 gtex Uterus polyA plus RNA-seq||uterus||UBERON:0000995||gtex	RBFOX1_del3|input|0	chr16:6010734-6027118:.	ENSG00000078328	RBFOX1	protein_coding	+	RNA_SEQ	GeneMaskLFCScorer(requested_output=RNA_SEQ)	UBERON:0000995 gtex Uterus polyA plus RNA-seq	.	polyA plus RNA-seq	UBERON:0000995	uterus	tissue	adult	Uterus	gtex	paired	False	-0.9998955	RBFOX1_del3	deletion_3bp	input	0	chr16	6018925	TCCG	T	Non-brain tissues	display_only_pool	-0.09223652	0.022814273500000003	-0.1150507935	1	0	Non-brain tissue / other	nonbrain_control	rbfox1_16kb	v0.20	pooled_nonbrain_tissues	all_available_stages	False
UBERON:0000996 gtex Vagina polyA plus RNA-seq||vagina||UBERON:0000996||gtex	RBFOX1_del3|input|0	chr16:6010734-6027118:.	ENSG00000078328	RBFOX1	protein_coding	+	RNA_SEQ	GeneMaskLFCScorer(requested_output=RNA_SEQ)	UBERON:0000996 gtex Vagina polyA plus RNA-seq	.	polyA plus RNA-seq	UBERON:0000996	vagina	tissue	adult	Vagina	gtex	paired	False	-0.996215	RBFOX1_del3	deletion_3bp	input	0	chr16	6018925	TCCG	T	Non-brain tissues	display_only_pool	-0.010313034	0.017211675500000002	-0.0275247095	1	0	Non-brain tissue / other	nonbrain_control	rbfox1_16kb	v0.20	pooled_nonbrain_tissues	all_available_stages	False
UBERON:0001114 gtex Liver polyA plus RNA-seq||right lobe of liver||UBERON:0001114||gtex	RBFOX1_del3|input|0	chr16:6010734-6027118:.	ENSG00000078328	RBFOX1	protein_coding	+	RNA_SEQ	GeneMaskLFCScorer(requested_output=RNA_SEQ)	UBERON:0001114 gtex Liver polyA plus RNA-seq	.	polyA plus RNA-seq	UBERON:0001114	right lobe of liver	tissue	adult	Liver	gtex	paired	False	-0.99853253	RBFOX1_del3	deletion_3bp	input	0	chr16	6018925	TCCG	T	Non-brain tissues	display_only_pool	-0.01791954	-0.0012125969	-0.0167069431	1	0	Non-brain tissue / other	nonbrain_control	rbfox1_16kb	v0.20	pooled_nonbrain_tissues	all_available_stages	False
UBERON:0001150 gtex Pancreas polyA plus RNA-seq||body of pancreas||UBERON:0001150||gtex	RBFOX1_del3|input|0	chr16:6010734-6027118:.	ENSG00000078328	RBFOX1	protein_coding	+	RNA_SEQ	GeneMaskLFCScorer(requested_output=RNA_SEQ)	UBERON:0001150 gtex Pancreas polyA plus RNA-seq	.	polyA plus RNA-seq	UBERON:0001150	body of pancreas	tissue	adult	Pancreas	gtex	paired	False	-0.94456005	RBFOX1_del3	deletion_3bp	input	0	chr16	6018925	TCCG	T	Non-brain tissues	display_only_pool	-0.0036215782	0.0040693282	-0.007690906399999999	1	0	Non-brain tissue / other	nonbrain_control	rbfox1_16kb	v0.20	pooled_nonbrain_tissues	all_available_stages	False
UBERON:0001157 gtex Colon_Transverse polyA plus RNA-seq||transverse colon||UBERON:0001157||gtex	RBFOX1_del3|input|0	chr16:6010734-6027118:.	ENSG00000078328	RBFOX1	protein_coding	+	RNA_SEQ	GeneMaskLFCScorer(requested_output=RNA_SEQ)	UBERON:0001157 gtex Colon_Transverse polyA plus RNA-seq	.	polyA plus RNA-seq	UBERON:0001157	transverse colon	tissue	adult	Colon_Transverse	gtex	paired	False	-0.99970126	RBFOX1_del3	deletion_3bp	input	0	chr16	6018925	TCCG	T	Non-brain tissues	display_only_pool	-0.050435066	0.011567115499999999	-0.0620021815	1	0	Non-brain tissue / other	nonbrain_control	rbfox1_16kb	v0.20	pooled_nonbrain_tissues	all_available_stages	False
UBERON:0001159 gtex Colon_Sigmoid polyA plus RNA-seq||sigmoid colon||UBERON:0001159||gtex	RBFOX1_del3|input|0	chr16:6010734-6027118:.	ENSG00000078328	RBFOX1	protein_coding	+	RNA_SEQ	GeneMaskLFCScorer(requested_output=RNA_SEQ)	UBERON:0001159 gtex Colon_Sigmoid polyA plus RNA-seq	.	polyA plus RNA-seq	UBERON:0001159	sigmoid colon	tissue	adult	Colon_Sigmoid	gtex	paired	False	-0.9998919	RBFOX1_del3	deletion_3bp	input	0	chr16	6018925	TCCG	T	Non-brain tissues	display_only_pool	-0.09043455	0.015510559	-0.10594510900000001	1	0	Non-brain tissue / other	nonbrain_control	rbfox1_16kb	v0.20	pooled_nonbrain_tissues	all_available_stages	False
UBERON:0001211 gtex Small_Intestine_Terminal_Ileum polyA plus RNA-seq||Peyer's patch||UBERON:0001211||gtex	RBFOX1_del3|input|0	chr16:6010734-6027118:.	ENSG00000078328	RBFOX1	protein_coding	+	RNA_SEQ	GeneMaskLFCScorer(requested_output=RNA_SEQ)	UBERON:0001211 gtex Small_Intestine_Terminal_Ileum polyA plus RNA-seq	.	polyA plus RNA-seq	UBERON:0001211	Peyer's patch	tissue	adult	Small_Intestine_Terminal_Ileum	gtex	paired	False	-0.9994504	RBFOX1_del3	deletion_3bp	input	0	chr16	6018925	TCCG	T	Non-brain tissues	display_only_pool	-0.03420973	-0.00267720225	-0.03153252775	1	0	Non-brain tissue / other	nonbrain_control	rbfox1_16kb	v0.20	pooled_nonbrain_tissues	all_available_stages	False
UBERON:0001224 polyA plus RNA-seq||renal pelvis||UBERON:0001224||encode	RBFOX1_del3|input|0	chr16:6010734-6027118:.	ENSG00000078328	RBFOX1	protein_coding	+	RNA_SEQ	GeneMaskLFCScorer(requested_output=RNA_SEQ)	UBERON:0001224 polyA plus RNA-seq	.	polyA plus RNA-seq	UBERON:0001224	renal pelvis	tissue	embryonic		encode	single	False	-0.9998141	RBFOX1_del3	deletion_3bp	input	0	chr16	6018925	TCCG	T	Non-brain tissues	display_only_pool	-0.06189871	0.00337362285	-0.06527233285	1	0	Non-brain tissue / other	nonbrain_control	rbfox1_16kb	v0.20	pooled_nonbrain_tissues	all_available_stages	False
UBERON:0001225 gtex Kidney_Cortex polyA plus RNA-seq||cortex of kidney||UBERON:0001225||gtex	RBFOX1_del3|input|0	chr16:6010734-6027118:.	ENSG00000078328	RBFOX1	protein_coding	+	RNA_SEQ	GeneMaskLFCScorer(requested_output=RNA_SEQ)	UBERON:0001225 gtex Kidney_Cortex polyA plus RNA-seq	.	polyA plus RNA-seq	UBERON:0001225	cortex of kidney	tissue	adult	Kidney_Cortex	gtex	paired	False	-0.9997112	RBFOX1_del3	deletion_3bp	input	0	chr16	6018925	TCCG	T	Non-brain tissues	display_only_pool	-0.053961754	0.00055122375	-0.054512977750000004	1	0	Non-brain tissue / other	nonbrain_control	rbfox1_16kb	v0.20	pooled_nonbrain_tissues	all_available_stages	False
UBERON:0001255 gtex Bladder polyA plus RNA-seq||urinary bladder||UBERON:0001255||gtex	RBFOX1_del3|input|0	chr16:6010734-6027118:.	ENSG00000078328	RBFOX1	protein_coding	+	RNA_SEQ	GeneMaskLFCScorer(requested_output=RNA_SEQ)	UBERON:0001255 gtex Bladder polyA plus RNA-seq	.	polyA plus RNA-seq	UBERON:0001255	urinary bladder	tissue	adult	Bladder	gtex	paired	False	-0.99984306	RBFOX1_del3	deletion_3bp	input	0	chr16	6018925	TCCG	T	Non-brain tissues	display_only_pool	-0.07553816	0.0205905435	-0.0961287035	1	0	Non-brain tissue / other	nonbrain_control	rbfox1_16kb	v0.20	pooled_nonbrain_tissues	all_available_stages	False
UBERON:0001293 gtex Kidney_Medulla polyA plus RNA-seq||outer medulla of kidney||UBERON:0001293||gtex	RBFOX1_del3|input|0	chr16:6010734-6027118:.	ENSG00000078328	RBFOX1	protein_coding	+	RNA_SEQ	GeneMaskLFCScorer(requested_output=RNA_SEQ)	UBERON:0001293 gtex Kidney_Medulla polyA plus RNA-seq	.	polyA plus RNA-seq	UBERON:0001293	outer medulla of kidney	tissue	adult	Kidney_Medulla	gtex	paired	False	-0.99963397	RBFOX1_del3	deletion_3bp	input	0	chr16	6018925	TCCG	T	Non-brain tissues	display_only_pool	-0.04692459	0.00244021415	-0.049364804150000004	1	0	Non-brain tissue / other	nonbrain_control	rbfox1_16kb	v0.20	pooled_nonbrain_tissues	all_available_stages	False
UBERON:0001323 gtex Nerve_Tibial polyA plus RNA-seq||tibial nerve||UBERON:0001323||gtex	RBFOX1_del3|input|0	chr16:6010734-6027118:.	ENSG00000078328	RBFOX1	protein_coding	+	RNA_SEQ	GeneMaskLFCScorer(requested_output=RNA_SEQ)	UBERON:0001323 gtex Nerve_Tibial polyA plus RNA-seq	.	polyA plus RNA-seq	UBERON:0001323	tibial nerve	tissue	adult	Nerve_Tibial	gtex	paired	False	-0.99943143	RBFOX1_del3	deletion_3bp	input	0	chr16	6018925	TCCG	T	Non-brain tissues	display_only_pool	-0.030796051	-0.0028121471500000004	-0.027983903850000002	1	0	Non-brain tissue / other	nonbrain_control	rbfox1_16kb	v0.20	pooled_nonbrain_tissues	all_available_stages	False
UBERON:0001496 gtex Artery_Aorta polyA plus RNA-seq||ascending aorta||UBERON:0001496||gtex	RBFOX1_del3|input|0	chr16:6010734-6027118:.	ENSG00000078328	RBFOX1	protein_coding	+	RNA_SEQ	GeneMaskLFCScorer(requested_output=RNA_SEQ)	UBERON:0001496 gtex Artery_Aorta polyA plus RNA-seq	.	polyA plus RNA-seq	UBERON:0001496	ascending aorta	tissue	adult	Artery_Aorta	gtex	paired	False	-0.99995816	RBFOX1_del3	deletion_3bp	input	0	chr16	6018925	TCCG	T	Non-brain tissues	display_only_pool	-0.1560545	0.0043203830499999995	-0.16037488305	1	0	Non-brain tissue / other	nonbrain_control	rbfox1_16kb	v0.20	pooled_nonbrain_tissues	all_available_stages	False
UBERON:0001499 polyA plus RNA-seq||muscle of arm||UBERON:0001499||encode	RBFOX1_del3|input|0	chr16:6010734-6027118:.	ENSG00000078328	RBFOX1	protein_coding	+	RNA_SEQ	GeneMaskLFCScorer(requested_output=RNA_SEQ)	UBERON:0001499 polyA plus RNA-seq	.	polyA plus RNA-seq	UBERON:0001499	muscle of arm	tissue	embryonic		encode	paired	False	-0.9990551	RBFOX1_del3	deletion_3bp	input	0	chr16	6018925	TCCG	T	Non-brain tissues	display_only_pool	-0.020199299	0.0012316704	-0.0214309694	1	0	Non-brain tissue / other	nonbrain_control	rbfox1_16kb	v0.20	pooled_nonbrain_tissues	all_available_stages	False
UBERON:0001621 gtex Artery_Coronary polyA plus RNA-seq||coronary artery||UBERON:0001621||gtex	RBFOX1_del3|input|0	chr16:6010734-6027118:.	ENSG00000078328	RBFOX1	protein_coding	+	RNA_SEQ	GeneMaskLFCScorer(requested_output=RNA_SEQ)	UBERON:0001621 gtex Artery_Coronary polyA plus RNA-seq	.	polyA plus RNA-seq	UBERON:0001621	coronary artery	tissue	adult	Artery_Coronary	gtex	paired	False	-0.9999392	RBFOX1_del3	deletion_3bp	input	0	chr16	6018925	TCCG	T	Non-brain tissues	display_only_pool	-0.12882328	0.003308773	-0.132132053	1	0	Non-brain tissue / other	nonbrain_control	rbfox1_16kb	v0.20	pooled_nonbrain_tissues	all_available_stages	False
UBERON:0001774 polyA plus RNA-seq||muscle of trunk||UBERON:0001774||encode	RBFOX1_del3|input|0	chr16:6010734-6027118:.	ENSG00000078328	RBFOX1	protein_coding	+	RNA_SEQ	GeneMaskLFCScorer(requested_output=RNA_SEQ)	UBERON:0001774 polyA plus RNA-seq	.	polyA plus RNA-seq	UBERON:0001774	muscle of trunk	tissue	embryonic		encode	paired	False	-0.99826187	RBFOX1_del3	deletion_3bp	input	0	chr16	6018925	TCCG	T	Non-brain tissues	display_only_pool	-0.012979031	0.0007288456	-0.0137078766	1	0	Non-brain tissue / other	nonbrain_control	rbfox1_16kb	v0.20	pooled_nonbrain_tissues	all_available_stages	False
UBERON:0001870 gtex Brain_Cortex polyA plus RNA-seq||frontal cortex||UBERON:0001870||gtex	RBFOX1_del3|input|0	chr16:6010734-6027118:.	ENSG00000078328	RBFOX1	protein_coding	+	RNA_SEQ	GeneMaskLFCScorer(requested_output=RNA_SEQ)	UBERON:0001870 gtex Brain_Cortex polyA plus RNA-seq	.	polyA plus RNA-seq	UBERON:0001870	frontal cortex	tissue	adult	Brain_Cortex	gtex	paired	False	-0.99895406	RBFOX1_del3	deletion_3bp	input	0	chr16	6018925	TCCG	T	Cerebral cortex	brain9_primary	-0.019984007	-0.0066131353	-0.013370871700000002	1	0	Cortex / frontal cortex	brain_primary	rbfox1_16kb	v0.20	adult__brain__cerebral_cortex	adult	True
UBERON:0001873 gtex Brain_Caudate_basal_ganglia polyA plus RNA-seq||caudate nucleus||UBERON:0001873||gtex	RBFOX1_del3|input|0	chr16:6010734-6027118:.	ENSG00000078328	RBFOX1	protein_coding	+	RNA_SEQ	GeneMaskLFCScorer(requested_output=RNA_SEQ)	UBERON:0001873 gtex Brain_Caudate_basal_ganglia polyA plus RNA-seq	.	polyA plus RNA-seq	UBERON:0001873	caudate nucleus	tissue	adult	Brain_Caudate_basal_ganglia	gtex	paired	False	-0.99908656	RBFOX1_del3	deletion_3bp	input	0	chr16	6018925	TCCG	T	Basal ganglia / striatum	brain9_primary	-0.021938086	-0.0038392544	-0.0180988316	1	0	Basal ganglia	brain_primary	rbfox1_16kb	v0.20	adult__brain__basal_ganglia_striatum	adult	True
UBERON:0001874 gtex Brain_Putamen_basal_ganglia polyA plus RNA-seq||putamen||UBERON:0001874||gtex	RBFOX1_del3|input|0	chr16:6010734-6027118:.	ENSG00000078328	RBFOX1	protein_coding	+	RNA_SEQ	GeneMaskLFCScorer(requested_output=RNA_SEQ)	UBERON:0001874 gtex Brain_Putamen_basal_ganglia polyA plus RNA-seq	.	polyA plus RNA-seq	UBERON:0001874	putamen	tissue	adult	Brain_Putamen_basal_ganglia	gtex	paired	False	-0.99922884	RBFOX1_del3	deletion_3bp	input	0	chr16	6018925	TCCG	T	Basal ganglia / striatum	brain9_primary	-0.024645805	-0.0050404073	-0.0196053977	1	0	Basal ganglia	brain_primary	rbfox1_16kb	v0.20	adult__brain__basal_ganglia_striatum	adult	True
UBERON:0001876 gtex Brain_Amygdala polyA plus RNA-seq||amygdala||UBERON:0001876||gtex	RBFOX1_del3|input|0	chr16:6010734-6027118:.	ENSG00000078328	RBFOX1	protein_coding	+	RNA_SEQ	GeneMaskLFCScorer(requested_output=RNA_SEQ)	UBERON:0001876 gtex Brain_Amygdala polyA plus RNA-seq	.	polyA plus RNA-seq	UBERON:0001876	amygdala	tissue	adult	Brain_Amygdala	gtex	paired	False	-0.99902254	RBFOX1_del3	deletion_3bp	input	0	chr16	6018925	TCCG	T	Amygdala	brain9_primary	-0.020840168	-0.0037636757	-0.0170764923	1	0	Other brain	brain_primary	rbfox1_16kb	v0.20	adult__brain__amygdala	adult	True
UBERON:0001882 gtex Brain_Nucleus_accumbens_basal_ganglia polyA plus RNA-seq||nucleus accumbens||UBERON:0001882||gtex	RBFOX1_del3|input|0	chr16:6010734-6027118:.	ENSG00000078328	RBFOX1	protein_coding	+	RNA_SEQ	GeneMaskLFCScorer(requested_output=RNA_SEQ)	UBERON:0001882 gtex Brain_Nucleus_accumbens_basal_ganglia polyA plus RNA-seq	.	polyA plus RNA-seq	UBERON:0001882	nucleus accumbens	tissue	adult	Brain_Nucleus_accumbens_basal_ganglia	gtex	paired	False	-0.9966939	RBFOX1_del3	deletion_3bp	input	0	chr16	6018925	TCCG	T	Basal ganglia / striatum	brain9_primary	-0.010501862	-0.0026190281000000003	-0.0078828339	1	0	Basal ganglia	brain_primary	rbfox1_16kb	v0.20	adult__brain__basal_ganglia_striatum	adult	True
UBERON:0001898 gtex Brain_Hypothalamus polyA plus RNA-seq||hypothalamus||UBERON:0001898||gtex	RBFOX1_del3|input|0	chr16:6010734-6027118:.	ENSG00000078328	RBFOX1	protein_coding	+	RNA_SEQ	GeneMaskLFCScorer(requested_output=RNA_SEQ)	UBERON:0001898 gtex Brain_Hypothalamus polyA plus RNA-seq	.	polyA plus RNA-seq	UBERON:0001898	hypothalamus	tissue	adult	Brain_Hypothalamus	gtex	paired	False	0.9972084	RBFOX1_del3	deletion_3bp	input	0	chr16	6018925	TCCG	T	Diencephalic regions	brain9_primary	0.01084733	-0.00035500525999999997	0.01120233526	1	0	Other brain	brain_primary	rbfox1_16kb	v0.20	adult__brain__diencephalic_regions	adult	True
UBERON:0001954 gtex Brain_Hippocampus polyA plus RNA-seq||Ammon's horn||UBERON:0001954||gtex	RBFOX1_del3|input|0	chr16:6010734-6027118:.	ENSG00000078328	RBFOX1	protein_coding	+	RNA_SEQ	GeneMaskLFCScorer(requested_output=RNA_SEQ)	UBERON:0001954 gtex Brain_Hippocampus polyA plus RNA-seq	.	polyA plus RNA-seq	UBERON:0001954	Ammon's horn	tissue	adult	Brain_Hippocampus	gtex	paired	False	-0.9990551	RBFOX1_del3	deletion_3bp	input	0	chr16	6018925	TCCG	T	Hippocampal formation	brain9_primary	-0.02163601	-0.0063222648	-0.015313745200000001	1	0	Hippocampus	brain_primary	rbfox1_16kb	v0.20	adult__brain__hippocampal_formation	adult	True
UBERON:0002037 gtex Brain_Cerebellum polyA plus RNA-seq||cerebellum||UBERON:0002037||gtex	RBFOX1_del3|input|0	chr16:6010734-6027118:.	ENSG00000078328	RBFOX1	protein_coding	+	RNA_SEQ	GeneMaskLFCScorer(requested_output=RNA_SEQ)	UBERON:0002037 gtex Brain_Cerebellum polyA plus RNA-seq	.	polyA plus RNA-seq	UBERON:0002037	cerebellum	tissue	adult	Brain_Cerebellum	gtex	paired	False	0.99895406	RBFOX1_del3	deletion_3bp	input	0	chr16	6018925	TCCG	T	Cerebellum	brain9_primary	0.01863861	0.00635659695	0.01228201305	1	0	Cerebellum	brain_primary	rbfox1_16kb	v0.20	adult__brain__cerebellum	adult	True
UBERON:0002038 gtex Brain_Substantia_nigra polyA plus RNA-seq||substantia nigra||UBERON:0002038||gtex	RBFOX1_del3|input|0	chr16:6010734-6027118:.	ENSG00000078328	RBFOX1	protein_coding	+	RNA_SEQ	GeneMaskLFCScorer(requested_output=RNA_SEQ)	UBERON:0002038 gtex Brain_Substantia_nigra polyA plus RNA-seq	.	polyA plus RNA-seq	UBERON:0002038	substantia nigra	tissue	adult	Brain_Substantia_nigra	gtex	paired	False	-0.998202	RBFOX1_del3	deletion_3bp	input	0	chr16	6018925	TCCG	T	Midbrain	brain9_primary	-0.0142121315	-0.00297045705	-0.011241674450000001	1	0	Other brain	brain_primary	rbfox1_16kb	v0.20	adult__brain__midbrain	adult	True
UBERON:0002046 gtex Thyroid polyA plus RNA-seq||thyroid gland||UBERON:0002046||gtex	RBFOX1_del3|input|0	chr16:6010734-6027118:.	ENSG00000078328	RBFOX1	protein_coding	+	RNA_SEQ	GeneMaskLFCScorer(requested_output=RNA_SEQ)	UBERON:0002046 gtex Thyroid polyA plus RNA-seq	.	polyA plus RNA-seq	UBERON:0002046	thyroid gland	tissue	adult	Thyroid	gtex	paired	False	-0.99962133	RBFOX1_del3	deletion_3bp	input	0	chr16	6018925	TCCG	T	Non-brain tissues	display_only_pool	-0.042527676	-0.005094289849999999	-0.03743338615	1	0	Non-brain tissue / other	nonbrain_control	rbfox1_16kb	v0.20	pooled_nonbrain_tissues	all_available_stages	False
UBERON:0002106 gtex Spleen polyA plus RNA-seq||spleen||UBERON:0002106||gtex	RBFOX1_del3|input|0	chr16:6010734-6027118:.	ENSG00000078328	RBFOX1	protein_coding	+	RNA_SEQ	GeneMaskLFCScorer(requested_output=RNA_SEQ)	UBERON:0002106 gtex Spleen polyA plus RNA-seq	.	polyA plus RNA-seq	UBERON:0002106	spleen	tissue	adult	Spleen	gtex	paired	False	-0.9993265	RBFOX1_del3	deletion_3bp	input	0	chr16	6018925	TCCG	T	Non-brain tissues	display_only_pool	-0.0292449	-0.009802818250000001	-0.01944208175	1	0	Non-brain tissue / other	nonbrain_control	rbfox1_16kb	v0.20	pooled_nonbrain_tissues	all_available_stages	False
UBERON:0002167 polyA plus RNA-seq||right lung||UBERON:0002167||encode	RBFOX1_del3|input|0	chr16:6010734-6027118:.	ENSG00000078328	RBFOX1	protein_coding	+	RNA_SEQ	GeneMaskLFCScorer(requested_output=RNA_SEQ)	UBERON:0002167 polyA plus RNA-seq	.	polyA plus RNA-seq	UBERON:0002167	right lung	tissue	embryonic		encode	single	False	-0.99958086	RBFOX1_del3	deletion_3bp	input	0	chr16	6018925	TCCG	T	Non-brain tissues	display_only_pool	-0.03196335	0.0038821697000000002	-0.0358455197	1	0	Non-brain tissue / other	nonbrain_control	rbfox1_16kb	v0.20	pooled_nonbrain_tissues	all_available_stages	False
UBERON:0002168 polyA plus RNA-seq||left lung||UBERON:0002168||encode	RBFOX1_del3|input|0	chr16:6010734-6027118:.	ENSG00000078328	RBFOX1	protein_coding	+	RNA_SEQ	GeneMaskLFCScorer(requested_output=RNA_SEQ)	UBERON:0002168 polyA plus RNA-seq	.	polyA plus RNA-seq	UBERON:0002168	left lung	tissue	embryonic		encode	single	False	-0.999691	RBFOX1_del3	deletion_3bp	input	0	chr16	6018925	TCCG	T	Non-brain tissues	display_only_pool	-0.041553497	0.00497889515	-0.046532392150000004	1	0	Non-brain tissue / other	nonbrain_control	rbfox1_16kb	v0.20	pooled_nonbrain_tissues	all_available_stages	False
UBERON:0002190 gtex Adipose_Subcutaneous polyA plus RNA-seq||subcutaneous adipose tissue||UBERON:0002190||gtex	RBFOX1_del3|input|0	chr16:6010734-6027118:.	ENSG00000078328	RBFOX1	protein_coding	+	RNA_SEQ	GeneMaskLFCScorer(requested_output=RNA_SEQ)	UBERON:0002190 gtex Adipose_Subcutaneous polyA plus RNA-seq	.	polyA plus RNA-seq	UBERON:0002190	subcutaneous adipose tissue	tissue	adult	Adipose_Subcutaneous	gtex	paired	False	-0.9993265	RBFOX1_del3	deletion_3bp	input	0	chr16	6018925	TCCG	T	Non-brain tissues	display_only_pool	-0.027715683	0.00042390823	-0.02813959123	1	0	Non-brain tissue / other	nonbrain_control	rbfox1_16kb	v0.20	pooled_nonbrain_tissues	all_available_stages	False
UBERON:0002245 gtex Brain_Cerebellar_Hemisphere polyA plus RNA-seq||cerebellar hemisphere||UBERON:0002245||gtex	RBFOX1_del3|input|0	chr16:6010734-6027118:.	ENSG00000078328	RBFOX1	protein_coding	+	RNA_SEQ	GeneMaskLFCScorer(requested_output=RNA_SEQ)	UBERON:0002245 gtex Brain_Cerebellar_Hemisphere polyA plus RNA-seq	.	polyA plus RNA-seq	UBERON:0002245	cerebellar hemisphere	tissue	adult	Brain_Cerebellar_Hemisphere	gtex	paired	False	0.9992545	RBFOX1_del3	deletion_3bp	input	0	chr16	6018925	TCCG	T	Cerebellum	brain9_primary	0.023622513	0.0059581995000000006	0.0176643135	1	0	Cerebellum	brain_primary	rbfox1_16kb	v0.20	adult__brain__cerebellum	adult	True
UBERON:0002324 polyA plus RNA-seq||muscle of back||UBERON:0002324||encode	RBFOX1_del3|input|0	chr16:6010734-6027118:.	ENSG00000078328	RBFOX1	protein_coding	+	RNA_SEQ	GeneMaskLFCScorer(requested_output=RNA_SEQ)	UBERON:0002324 polyA plus RNA-seq	.	polyA plus RNA-seq	UBERON:0002324	muscle of back	tissue	embryonic		encode	single	False	-0.9988023	RBFOX1_del3	deletion_3bp	input	0	chr16	6018925	TCCG	T	Non-brain tissues	display_only_pool	-0.016719818	-0.0010938644499999999	-0.015625953550000002	1	0	Non-brain tissue / other	nonbrain_control	rbfox1_16kb	v0.20	pooled_nonbrain_tissues	all_available_stages	False
UBERON:0002367 gtex Prostate polyA plus RNA-seq||prostate gland||UBERON:0002367||gtex	RBFOX1_del3|input|0	chr16:6010734-6027118:.	ENSG00000078328	RBFOX1	protein_coding	+	RNA_SEQ	GeneMaskLFCScorer(requested_output=RNA_SEQ)	UBERON:0002367 gtex Prostate polyA plus RNA-seq	.	polyA plus RNA-seq	UBERON:0002367	prostate gland	tissue	adult	Prostate	gtex	paired	False	-0.99963397	RBFOX1_del3	deletion_3bp	input	0	chr16	6018925	TCCG	T	Non-brain tissues	display_only_pool	-0.04379368	0.021978855	-0.065772535	1	0	Non-brain tissue / other	nonbrain_control	rbfox1_16kb	v0.20	pooled_nonbrain_tissues	all_available_stages	False
UBERON:0002369 gtex Adrenal_Gland polyA plus RNA-seq||adrenal gland||UBERON:0002369||gtex	RBFOX1_del3|input|0	chr16:6010734-6027118:.	ENSG00000078328	RBFOX1	protein_coding	+	RNA_SEQ	GeneMaskLFCScorer(requested_output=RNA_SEQ)	UBERON:0002369 gtex Adrenal_Gland polyA plus RNA-seq	.	polyA plus RNA-seq	UBERON:0002369	adrenal gland	tissue	adult	Adrenal_Gland	gtex	paired	False	0.9998077	RBFOX1_del3	deletion_3bp	input	0	chr16	6018925	TCCG	T	Non-brain tissues	display_only_pool	0.058591366	0.0307376385	0.027853727499999998	1	0	Non-brain tissue / other	nonbrain_control	rbfox1_16kb	v0.20	pooled_nonbrain_tissues	all_available_stages	False
UBERON:0003662 polyA plus RNA-seq||forelimb muscle||UBERON:0003662||encode	RBFOX1_del3|input|0	chr16:6010734-6027118:.	ENSG00000078328	RBFOX1	protein_coding	+	RNA_SEQ	GeneMaskLFCScorer(requested_output=RNA_SEQ)	UBERON:0003662 polyA plus RNA-seq	.	polyA plus RNA-seq	UBERON:0003662	forelimb muscle	tissue	embryonic		encode	single	False	-0.9988023	RBFOX1_del3	deletion_3bp	input	0	chr16	6018925	TCCG	T	Non-brain tissues	display_only_pool	-0.01670742	-0.00097441675	-0.015733003250000002	1	0	Non-brain tissue / other	nonbrain_control	rbfox1_16kb	v0.20	pooled_nonbrain_tissues	all_available_stages	False
UBERON:0003663 polyA plus RNA-seq||hindlimb muscle||UBERON:0003663||encode	RBFOX1_del3|input|0	chr16:6010734-6027118:.	ENSG00000078328	RBFOX1	protein_coding	+	RNA_SEQ	GeneMaskLFCScorer(requested_output=RNA_SEQ)	UBERON:0003663 polyA plus RNA-seq	.	polyA plus RNA-seq	UBERON:0003663	hindlimb muscle	tissue	embryonic		encode	single	False	-0.99895406	RBFOX1_del3	deletion_3bp	input	0	chr16	6018925	TCCG	T	Non-brain tissues	display_only_pool	-0.018244267	-0.00146460535	-0.016779661650000003	1	0	Non-brain tissue / other	nonbrain_control	rbfox1_16kb	v0.20	pooled_nonbrain_tissues	all_available_stages	False
UBERON:0003889 gtex Fallopian_Tube polyA plus RNA-seq||fallopian tube||UBERON:0003889||gtex	RBFOX1_del3|input|0	chr16:6010734-6027118:.	ENSG00000078328	RBFOX1	protein_coding	+	RNA_SEQ	GeneMaskLFCScorer(requested_output=RNA_SEQ)	UBERON:0003889 gtex Fallopian_Tube polyA plus RNA-seq	.	polyA plus RNA-seq	UBERON:0003889	fallopian tube	tissue	adult	Fallopian_Tube	gtex	paired	False	-0.99982625	RBFOX1_del3	deletion_3bp	input	0	chr16	6018925	TCCG	T	Non-brain tissues	display_only_pool	-0.070916176	0.0170829295	-0.0879991055	1	0	Non-brain tissue / other	nonbrain_control	rbfox1_16kb	v0.20	pooled_nonbrain_tissues	all_available_stages	False
UBERON:0004264 gtex Skin_Sun_Exposed_Lower_leg polyA plus RNA-seq||lower leg skin||UBERON:0004264||gtex	RBFOX1_del3|input|0	chr16:6010734-6027118:.	ENSG00000078328	RBFOX1	protein_coding	+	RNA_SEQ	GeneMaskLFCScorer(requested_output=RNA_SEQ)	UBERON:0004264 gtex Skin_Sun_Exposed_Lower_leg polyA plus RNA-seq	.	polyA plus RNA-seq	UBERON:0004264	lower leg skin	tissue	adult	Skin_Sun_Exposed_Lower_leg	gtex	paired	False	0.99895406	RBFOX1_del3	deletion_3bp	input	0	chr16	6018925	TCCG	T	Non-brain tissues	display_only_pool	0.019341469	-0.0012624264	0.0206038954	1	0	Non-brain tissue / other	nonbrain_control	rbfox1_16kb	v0.20	pooled_nonbrain_tissues	all_available_stages	False
UBERON:0004538 polyA plus RNA-seq||left kidney||UBERON:0004538||encode	RBFOX1_del3|input|0	chr16:6010734-6027118:.	ENSG00000078328	RBFOX1	protein_coding	+	RNA_SEQ	GeneMaskLFCScorer(requested_output=RNA_SEQ)	UBERON:0004538 polyA plus RNA-seq	.	polyA plus RNA-seq	UBERON:0004538	left kidney	tissue	embryonic		encode	single	False	-0.9995515	RBFOX1_del3	deletion_3bp	input	0	chr16	6018925	TCCG	T	Non-brain tissues	display_only_pool	-0.035311222	0.0023827553	-0.0376939773	1	0	Non-brain tissue / other	nonbrain_control	rbfox1_16kb	v0.20	pooled_nonbrain_tissues	all_available_stages	False
UBERON:0004550 gtex Esophagus_Gastroesophageal_Junction polyA plus RNA-seq||gastroesophageal sphincter||UBERON:0004550||gtex	RBFOX1_del3|input|0	chr16:6010734-6027118:.	ENSG00000078328	RBFOX1	protein_coding	+	RNA_SEQ	GeneMaskLFCScorer(requested_output=RNA_SEQ)	UBERON:0004550 gtex Esophagus_Gastroesophageal_Junction polyA plus RNA-seq	.	polyA plus RNA-seq	UBERON:0004550	gastroesophageal sphincter	tissue	adult	Esophagus_Gastroesophageal_Junction	gtex	paired	False	-0.99992293	RBFOX1_del3	deletion_3bp	input	0	chr16	6018925	TCCG	T	Non-brain tissues	display_only_pool	-0.10986757	0.018530606999999998	-0.128398177	1	0	Non-brain tissue / other	nonbrain_control	rbfox1_16kb	v0.20	pooled_nonbrain_tissues	all_available_stages	False
UBERON:0004648 gtex Esophagus_Muscularis polyA plus RNA-seq||esophagus muscularis mucosa||UBERON:0004648||gtex	RBFOX1_del3|input|0	chr16:6010734-6027118:.	ENSG00000078328	RBFOX1	protein_coding	+	RNA_SEQ	GeneMaskLFCScorer(requested_output=RNA_SEQ)	UBERON:0004648 gtex Esophagus_Muscularis polyA plus RNA-seq	.	polyA plus RNA-seq	UBERON:0004648	esophagus muscularis mucosa	tissue	adult	Esophagus_Muscularis	gtex	paired	False	-0.9999304	RBFOX1_del3	deletion_3bp	input	0	chr16	6018925	TCCG	T	Non-brain tissues	display_only_pool	-0.1137557	0.0174894335	-0.1312451335	1	0	Non-brain tissue / other	nonbrain_control	rbfox1_16kb	v0.20	pooled_nonbrain_tissues	all_available_stages	False
UBERON:0005270 polyA plus RNA-seq||renal cortex interstitium||UBERON:0005270||encode	RBFOX1_del3|input|0	chr16:6010734-6027118:.	ENSG00000078328	RBFOX1	protein_coding	+	RNA_SEQ	GeneMaskLFCScorer(requested_output=RNA_SEQ)	UBERON:0005270 polyA plus RNA-seq	.	polyA plus RNA-seq	UBERON:0005270	renal cortex interstitium	tissue	embryonic		encode	single	False	-0.99977976	RBFOX1_del3	deletion_3bp	input	0	chr16	6018925	TCCG	T	Non-brain tissues	display_only_pool	-0.056683064	0.0023331642500000003	-0.05901622825	1	0	Non-brain tissue / other	nonbrain_control	rbfox1_16kb	v0.20	pooled_nonbrain_tissues	all_available_stages	False
UBERON:0006330 gtex Minor_Salivary_Gland polyA plus RNA-seq||anterior lingual gland||UBERON:0006330||gtex	RBFOX1_del3|input|0	chr16:6010734-6027118:.	ENSG00000078328	RBFOX1	protein_coding	+	RNA_SEQ	GeneMaskLFCScorer(requested_output=RNA_SEQ)	UBERON:0006330 gtex Minor_Salivary_Gland polyA plus RNA-seq	.	polyA plus RNA-seq	UBERON:0006330	anterior lingual gland	tissue	adult	Minor_Salivary_Gland	gtex	paired	False	-0.991193	RBFOX1_del3	deletion_3bp	input	0	chr16	6018925	TCCG	T	Non-brain tissues	display_only_pool	-0.0075764656	0.0023853779	-0.009961843500000001	1	0	Non-brain tissue / other	nonbrain_control	rbfox1_16kb	v0.20	pooled_nonbrain_tissues	all_available_stages	False
UBERON:0006469 gtex Brain_Spinal_cord_cervical_c-1 polyA plus RNA-seq||C1 segment of cervical spinal cord||UBERON:0006469||gtex	RBFOX1_del3|input|0	chr16:6010734-6027118:.	ENSG00000078328	RBFOX1	protein_coding	+	RNA_SEQ	GeneMaskLFCScorer(requested_output=RNA_SEQ)	UBERON:0006469 gtex Brain_Spinal_cord_cervical_c-1 polyA plus RNA-seq	.	polyA plus RNA-seq	UBERON:0006469	C1 segment of cervical spinal cord	tissue	adult	Brain_Spinal_cord_cervical_c-1	gtex	paired	False	-0.99911696	RBFOX1_del3	deletion_3bp	input	0	chr16	6018925	TCCG	T	Non-brain tissues	display_only_pool	-0.022664547	-0.00411248205	-0.018552064950000002	1	0	Other brain	brain_primary	rbfox1_16kb	v0.20	pooled_nonbrain_tissues	all_available_stages	False
UBERON:0006566 gtex Heart_Left_Ventricle polyA plus RNA-seq||left ventricle myocardium||UBERON:0006566||gtex	RBFOX1_del3|input|0	chr16:6010734-6027118:.	ENSG00000078328	RBFOX1	protein_coding	+	RNA_SEQ	GeneMaskLFCScorer(requested_output=RNA_SEQ)	UBERON:0006566 gtex Heart_Left_Ventricle polyA plus RNA-seq	.	polyA plus RNA-seq	UBERON:0006566	left ventricle myocardium	tissue	adult	Heart_Left_Ventricle	gtex	paired	False	-0.9999371	RBFOX1_del3	deletion_3bp	input	0	chr16	6018925	TCCG	T	Non-brain tissues	display_only_pool	-0.12923384	-0.00262618065	-0.12660765934999998	1	0	Non-brain tissue / other	nonbrain_control	rbfox1_16kb	v0.20	pooled_nonbrain_tissues	all_available_stages	False
UBERON:0006631 gtex Heart_Atrial_Appendage polyA plus RNA-seq||right atrium auricular region||UBERON:0006631||gtex	RBFOX1_del3|input|0	chr16:6010734-6027118:.	ENSG00000078328	RBFOX1	protein_coding	+	RNA_SEQ	GeneMaskLFCScorer(requested_output=RNA_SEQ)	UBERON:0006631 gtex Heart_Atrial_Appendage polyA plus RNA-seq	.	polyA plus RNA-seq	UBERON:0006631	right atrium auricular region	tissue	adult	Heart_Atrial_Appendage	gtex	paired	False	-0.9999504	RBFOX1_del3	deletion_3bp	input	0	chr16	6018925	TCCG	T	Non-brain tissues	display_only_pool	-0.14874649	-0.0025727748999999998	-0.14617371510000002	1	0	Non-brain tissue / other	nonbrain_control	rbfox1_16kb	v0.20	pooled_nonbrain_tissues	all_available_stages	False
UBERON:0006920 gtex Esophagus_Mucosa polyA plus RNA-seq||esophagus squamous epithelium||UBERON:0006920||gtex	RBFOX1_del3|input|0	chr16:6010734-6027118:.	ENSG00000078328	RBFOX1	protein_coding	+	RNA_SEQ	GeneMaskLFCScorer(requested_output=RNA_SEQ)	UBERON:0006920 gtex Esophagus_Mucosa polyA plus RNA-seq	.	polyA plus RNA-seq	UBERON:0006920	esophagus squamous epithelium	tissue	adult	Esophagus_Mucosa	gtex	paired	False	-0.531989	RBFOX1_del3	deletion_3bp	input	0	chr16	6018925	TCCG	T	Non-brain tissues	display_only_pool	-0.00078487396	0.008027077	-0.00881195096	1	0	Non-brain tissue / other	nonbrain_control	rbfox1_16kb	v0.20	pooled_nonbrain_tissues	all_available_stages	False
UBERON:0007610 gtex Artery_Tibial polyA plus RNA-seq||tibial artery||UBERON:0007610||gtex	RBFOX1_del3|input|0	chr16:6010734-6027118:.	ENSG00000078328	RBFOX1	protein_coding	+	RNA_SEQ	GeneMaskLFCScorer(requested_output=RNA_SEQ)	UBERON:0007610 gtex Artery_Tibial polyA plus RNA-seq	.	polyA plus RNA-seq	UBERON:0007610	tibial artery	tissue	adult	Artery_Tibial	gtex	paired	False	-0.9999504	RBFOX1_del3	deletion_3bp	input	0	chr16	6018925	TCCG	T	Non-brain tissues	display_only_pool	-0.14084387	0.0095534325	-0.1503973025	1	0	Non-brain tissue / other	nonbrain_control	rbfox1_16kb	v0.20	pooled_nonbrain_tissues	all_available_stages	False
UBERON:0008367 gtex Breast_Mammary_Tissue polyA plus RNA-seq||breast epithelium||UBERON:0008367||gtex	RBFOX1_del3|input|0	chr16:6010734-6027118:.	ENSG00000078328	RBFOX1	protein_coding	+	RNA_SEQ	GeneMaskLFCScorer(requested_output=RNA_SEQ)	UBERON:0008367 gtex Breast_Mammary_Tissue polyA plus RNA-seq	.	polyA plus RNA-seq	UBERON:0008367	breast epithelium	tissue	adult	Breast_Mammary_Tissue	gtex	paired	False	-0.99908656	RBFOX1_del3	deletion_3bp	input	0	chr16	6018925	TCCG	T	Non-brain tissues	display_only_pool	-0.022131443	0.00321626665	-0.02534770965	1	0	Non-brain tissue / other	nonbrain_control	rbfox1_16kb	v0.20	pooled_nonbrain_tissues	all_available_stages	False
UBERON:0008952 gtex Lung polyA plus RNA-seq||upper lobe of left lung||UBERON:0008952||gtex	RBFOX1_del3|input|0	chr16:6010734-6027118:.	ENSG00000078328	RBFOX1	protein_coding	+	RNA_SEQ	GeneMaskLFCScorer(requested_output=RNA_SEQ)	UBERON:0008952 gtex Lung polyA plus RNA-seq	.	polyA plus RNA-seq	UBERON:0008952	upper lobe of left lung	tissue	adult	Lung	gtex	paired	False	-0.999691	RBFOX1_del3	deletion_3bp	input	0	chr16	6018925	TCCG	T	Non-brain tissues	display_only_pool	-0.048699856	-0.00094532967	-0.04775452633	1	0	Non-brain tissue / other	nonbrain_control	rbfox1_16kb	v0.20	pooled_nonbrain_tissues	all_available_stages	False
UBERON:0009834 gtex Brain_Frontal_Cortex_BA9 polyA plus RNA-seq||dorsolateral prefrontal cortex||UBERON:0009834||gtex	RBFOX1_del3|input|0	chr16:6010734-6027118:.	ENSG00000078328	RBFOX1	protein_coding	+	RNA_SEQ	GeneMaskLFCScorer(requested_output=RNA_SEQ)	UBERON:0009834 gtex Brain_Frontal_Cortex_BA9 polyA plus RNA-seq	.	polyA plus RNA-seq	UBERON:0009834	dorsolateral prefrontal cortex	tissue	adult	Brain_Frontal_Cortex_BA9	gtex	paired	False	-0.99826187	RBFOX1_del3	deletion_3bp	input	0	chr16	6018925	TCCG	T	Cerebral cortex	brain9_primary	-0.01422143	-0.00703084475	-0.00719058525	1	0	Cortex / frontal cortex	brain_primary	rbfox1_16kb	v0.20	adult__brain__cerebral_cortex	adult	True
UBERON:0009835 gtex Brain_Anterior_cingulate_cortex_BA24 polyA plus RNA-seq||anterior cingulate cortex||UBERON:0009835||gtex	RBFOX1_del3|input|0	chr16:6010734-6027118:.	ENSG00000078328	RBFOX1	protein_coding	+	RNA_SEQ	GeneMaskLFCScorer(requested_output=RNA_SEQ)	UBERON:0009835 gtex Brain_Anterior_cingulate_cortex_BA24 polyA plus RNA-seq	.	polyA plus RNA-seq	UBERON:0009835	anterior cingulate cortex	tissue	adult	Brain_Anterior_cingulate_cortex_BA24	gtex	paired	False	-0.99858135	RBFOX1_del3	deletion_3bp	input	0	chr16	6018925	TCCG	T	Cerebral cortex	brain9_primary	-0.016091347	-0.0059000254999999995	-0.0101913215	1	0	Cortex / frontal cortex	brain_primary	rbfox1_16kb	v0.20	adult__brain__cerebral_cortex	adult	True
UBERON:0010414 gtex Adipose_Visceral_Omentum polyA plus RNA-seq||omental fat pad||UBERON:0010414||gtex	RBFOX1_del3|input|0	chr16:6010734-6027118:.	ENSG00000078328	RBFOX1	protein_coding	+	RNA_SEQ	GeneMaskLFCScorer(requested_output=RNA_SEQ)	UBERON:0010414 gtex Adipose_Visceral_Omentum polyA plus RNA-seq	.	polyA plus RNA-seq	UBERON:0010414	omental fat pad	tissue	adult	Adipose_Visceral_Omentum	gtex	paired	False	-0.9993916	RBFOX1_del3	deletion_3bp	input	0	chr16	6018925	TCCG	T	Non-brain tissues	display_only_pool	-0.029928207	0.000109910965	-0.030038117965	1	0	Non-brain tissue / other	nonbrain_control	rbfox1_16kb	v0.20	pooled_nonbrain_tissues	all_available_stages	False
UBERON:0011907 gtex Muscle_Skeletal polyA plus RNA-seq||gastrocnemius medialis||UBERON:0011907||gtex	RBFOX1_del3|input|0	chr16:6010734-6027118:.	ENSG00000078328	RBFOX1	protein_coding	+	RNA_SEQ	GeneMaskLFCScorer(requested_output=RNA_SEQ)	UBERON:0011907 gtex Muscle_Skeletal polyA plus RNA-seq	.	polyA plus RNA-seq	UBERON:0011907	gastrocnemius medialis	tissue	adult	Muscle_Skeletal	gtex	paired	False	-0.9863523	RBFOX1_del3	deletion_3bp	input	0	chr16	6018925	TCCG	T	Non-brain tissues	display_only_pool	-0.0066456795	-0.00138998035	-0.00525569915	1	0	Non-brain tissue / other	nonbrain_control	rbfox1_16kb	v0.20	pooled_nonbrain_tissues	all_available_stages	False
UBERON:0012249 gtex Cervix_Ectocervix polyA plus RNA-seq||ectocervix||UBERON:0012249||gtex	RBFOX1_del3|input|0	chr16:6010734-6027118:.	ENSG00000078328	RBFOX1	protein_coding	+	RNA_SEQ	GeneMaskLFCScorer(requested_output=RNA_SEQ)	UBERON:0012249 gtex Cervix_Ectocervix polyA plus RNA-seq	.	polyA plus RNA-seq	UBERON:0012249	ectocervix	tissue	adult	Cervix_Ectocervix	gtex	paired	False	-0.9995515	RBFOX1_del3	deletion_3bp	input	0	chr16	6018925	TCCG	T	Non-brain tissues	display_only_pool	-0.036635876	0.0153081415	-0.051944017499999995	1	0	Non-brain tissue / other	nonbrain_control	rbfox1_16kb	v0.20	pooled_nonbrain_tissues	all_available_stages	False
UBERON:0013756 gtex Whole_Blood polyA plus RNA-seq||venous blood||UBERON:0013756||gtex	RBFOX1_del3|input|0	chr16:6010734-6027118:.	ENSG00000078328	RBFOX1	protein_coding	+	RNA_SEQ	GeneMaskLFCScorer(requested_output=RNA_SEQ)	UBERON:0013756 gtex Whole_Blood polyA plus RNA-seq	.	polyA plus RNA-seq	UBERON:0013756	venous blood	tissue	adult	Whole_Blood	gtex	paired	False	-0.993716	RBFOX1_del3	deletion_3bp	input	0	chr16	6018925	TCCG	T	Non-brain tissues	display_only_pool	-0.009105682	-0.017113924000000003	0.008008242000000002	1	0	Non-brain tissue / other	nonbrain_control	rbfox1_16kb	v0.20	pooled_nonbrain_tissues	all_available_stages	False
UBERON:0018115 polyA plus RNA-seq||left renal pelvis||UBERON:0018115||encode	RBFOX1_del3|input|0	chr16:6010734-6027118:.	ENSG00000078328	RBFOX1	protein_coding	+	RNA_SEQ	GeneMaskLFCScorer(requested_output=RNA_SEQ)	UBERON:0018115 polyA plus RNA-seq	.	polyA plus RNA-seq	UBERON:0018115	left renal pelvis	tissue	embryonic		encode	single	False	-0.99973017	RBFOX1_del3	deletion_3bp	input	0	chr16	6018925	TCCG	T	Non-brain tissues	display_only_pool	-0.048344612	0.0017633438	-0.0501079558	1	0	Non-brain tissue / other	nonbrain_control	rbfox1_16kb	v0.20	pooled_nonbrain_tissues	all_available_stages	False
UBERON:0018116 polyA plus RNA-seq||right renal pelvis||UBERON:0018116||encode	RBFOX1_del3|input|0	chr16:6010734-6027118:.	ENSG00000078328	RBFOX1	protein_coding	+	RNA_SEQ	GeneMaskLFCScorer(requested_output=RNA_SEQ)	UBERON:0018116 polyA plus RNA-seq	.	polyA plus RNA-seq	UBERON:0018116	right renal pelvis	tissue	embryonic		encode	single	False	-0.9997562	RBFOX1_del3	deletion_3bp	input	0	chr16	6018925	TCCG	T	Non-brain tissues	display_only_pool	-0.051957607	0.0013990402500000001	-0.05335664725	1	0	Non-brain tissue / other	nonbrain_control	rbfox1_16kb	v0.20	pooled_nonbrain_tissues	all_available_stages	False
UBERON:0018117 polyA plus RNA-seq||left renal cortex interstitium||UBERON:0018117||encode	RBFOX1_del3|input|0	chr16:6010734-6027118:.	ENSG00000078328	RBFOX1	protein_coding	+	RNA_SEQ	GeneMaskLFCScorer(requested_output=RNA_SEQ)	UBERON:0018117 polyA plus RNA-seq	.	polyA plus RNA-seq	UBERON:0018117	left renal cortex interstitium	tissue	embryonic		encode	single	False	-0.9998077	RBFOX1_del3	deletion_3bp	input	0	chr16	6018925	TCCG	T	Non-brain tissues	display_only_pool	-0.060134888	0.0024981499	-0.0626330379	1	0	Non-brain tissue / other	nonbrain_control	rbfox1_16kb	v0.20	pooled_nonbrain_tissues	all_available_stages	False
UBERON:0018118 polyA plus RNA-seq||right renal cortex interstitium||UBERON:0018118||encode	RBFOX1_del3|input|0	chr16:6010734-6027118:.	ENSG00000078328	RBFOX1	protein_coding	+	RNA_SEQ	GeneMaskLFCScorer(requested_output=RNA_SEQ)	UBERON:0018118 polyA plus RNA-seq	.	polyA plus RNA-seq	UBERON:0018118	right renal cortex interstitium	tissue	embryonic		encode	single	False	-0.9996693	RBFOX1_del3	deletion_3bp	input	0	chr16	6018925	TCCG	T	Non-brain tissues	display_only_pool	-0.043085575	0.00119304655	-0.04427862155	1	0	Non-brain tissue / other	nonbrain_control	rbfox1_16kb	v0.20	pooled_nonbrain_tissues	all_available_stages	False
UBERON:0036149 gtex Skin_Not_Sun_Exposed_Suprapubic polyA plus RNA-seq||suprapubic skin||UBERON:0036149||gtex	RBFOX1_del3|input|0	chr16:6010734-6027118:.	ENSG00000078328	RBFOX1	protein_coding	+	RNA_SEQ	GeneMaskLFCScorer(requested_output=RNA_SEQ)	UBERON:0036149 gtex Skin_Not_Sun_Exposed_Suprapubic polyA plus RNA-seq	.	polyA plus RNA-seq	UBERON:0036149	suprapubic skin	tissue	adult	Skin_Not_Sun_Exposed_Suprapubic	gtex	paired	False	0.9993265	RBFOX1_del3	deletion_3bp	input	0	chr16	6018925	TCCG	T	Non-brain tissues	display_only_pool	0.026198864	-0.0035419464499999997	0.02974081045	1	0	Non-brain tissue / other	nonbrain_control	rbfox1_16kb	v0.20	pooled_nonbrain_tissues	all_available_stages	False
